Week_ID,Employee_ID,Work_Quantity
2149,1001,1000
2149,1002,1077
2149,1003,875
2149,1004,878
2149,1005,857
2149,1006,52
2149,1007,50
2149,1008,49
2149,1009,51
2149,1010,52
2149,1011,883
2149,1012,900
2149,1013,52
2149,1014,51
2149,1015,51
2149,1016,50
2149,1017,51
2149,1018,49
2149,1019,937
2149,1020,49
2149,1021,49
2149,1022,48
2149,1023,50
2149,1024,826
2149,1025,1029
2149,1026,845
2149,1027,49
2149,1028,894
2149,1029,51
2149,1030,49
2149,1031,1050
2149,1032,48
2149,1033,1032
2149,1034,915
2149,1035,954
2149,1036,1093
2149,1037,813
2149,1038,1012
2149,1039,1012
2149,1040,51
2149,1041,847
2149,1042,933
2149,1043,48
2149,1044,814
2149,1045,889
2149,1046,1089
2149,1047,1100
2149,1048,49
2149,1049,986
2149,1050,50
2149,1051,941
2149,1052,51
2149,1053,1015
2149,1054,857
2149,1055,1064
2149,1056,908
2149,1057,881
2149,1058,50
2149,1059,1018
2149,1060,50
2149,1061,51
2149,1062,933
2149,1063,1083
2149,1064,51
2149,1065,50
2149,1066,49
2149,1067,51
2149,1068,49
2149,1069,52
2149,1070,862
2149,1071,1015
2149,1072,956
2149,1073,955
2149,1074,50
2149,1075,51
2149,1076,52
2149,1077,52
2149,1078,49
2149,1079,52
2149,1080,50
2149,1081,52
2149,1082,958
2149,1083,921
2149,1084,52
2149,1085,880
2149,1086,50
2149,1087,51
2149,1088,948
2149,1089,807
2149,1090,50
2149,1091,1023
2149,1092,1042
2149,1093,49
2149,1094,50
2149,1095,52
2149,1096,881
2149,1097,50
2149,1098,52
2149,1099,978
2149,1100,1064
2150,1001,902
2150,1002,883
2150,1003,1045
2150,1004,886
2150,1005,1061
2150,1006,818
2150,1007,826
2150,1008,863
2150,1009,965
2150,1010,991
2150,1011,911
2150,1012,1048
2150,1013,810
2150,1014,906
2150,1015,857
2150,1016,805
2150,1017,903
2150,1018,954
2150,1019,872
2150,1020,1092
2150,1021,913
2150,1022,1010
2150,1023,899
2150,1024,950
2150,1025,1097
2150,1026,999
2150,1027,1000
2150,1028,1100
2150,1029,1029
2150,1030,941
2150,1031,988
2150,1032,982
2150,1033,878
2150,1034,822
2150,1035,1005
2150,1036,942
2150,1037,1083
2150,1038,1016
2150,1039,960
2150,1040,967
2150,1041,1074
2150,1042,1031
2150,1043,911
2150,1044,934
2150,1045,881
2150,1046,1005
2150,1047,1064
2150,1048,837
2150,1049,863
2150,1050,1053
2150,1051,1030
2150,1052,921
2150,1053,1080
2150,1054,1062
2150,1055,981
2150,1056,804
2150,1057,826
2150,1058,1055
2150,1059,885
2150,1060,1089
2150,1061,1025
2150,1062,982
2150,1063,1003
2150,1064,1062
2150,1065,1031
2150,1066,1078
2150,1067,1055
2150,1068,919
2150,1069,836
2150,1070,1065
2150,1071,1098
2150,1072,1020
2150,1073,1075
2150,1074,869
2150,1075,816
2150,1076,952
2150,1077,1028
2150,1078,1051
2150,1079,884
2150,1080,1087
2150,1081,1011
2150,1082,977
2150,1083,831
2150,1084,938
2150,1085,854
2150,1086,903
2150,1087,869
2150,1088,1082
2150,1089,887
2150,1090,930
2150,1091,894
2150,1092,954
2150,1093,854
2150,1094,925
2150,1095,930
2150,1096,853
2150,1097,994
2150,1098,927
2150,1099,914
2150,1100,1060
2151,1001,1017
2151,1002,930
2151,1003,1055
2151,1004,944
2151,1005,1007
2151,1006,903
2151,1007,1050
2151,1008,1089
2151,1009,1089
2151,1010,929
2151,1011,1058
2151,1012,898
2151,1013,857
2151,1014,851
2151,1015,872
2151,1016,811
2151,1017,914
2151,1018,1084
2151,1019,842
2151,1020,1031
2151,1021,1075
2151,1022,907
2151,1023,843
2151,1024,1019
2151,1025,854
2151,1026,841
2151,1027,1076
2151,1028,903
2151,1029,1074
2151,1030,1040
2151,1031,1041
2151,1032,1096
2151,1033,941
2151,1034,854
2151,1035,895
2151,1036,1050
2151,1037,802
2151,1038,1095
2151,1039,852
2151,1040,1011
2151,1041,1068
2151,1042,860
2151,1043,1063
2151,1044,1074
2151,1045,1044
2151,1046,881
2151,1047,1035
2151,1048,1017
2151,1049,1002
2151,1050,845
2151,1051,946
2151,1052,804
2151,1053,1057
2151,1054,918
2151,1055,901
2151,1056,849
2151,1057,889
2151,1058,952
2151,1059,874
2151,1060,1074
2151,1061,1006
2151,1062,953
2151,1063,883
2151,1064,870
2151,1065,883
2151,1066,986
2151,1067,810
2151,1068,1055
2151,1069,1088
2151,1070,938
2151,1071,989
2151,1072,1085
2151,1073,1007
2151,1074,819
2151,1075,1040
2151,1076,886
2151,1077,1079
2151,1078,825
2151,1079,1040
2151,1080,936
2151,1081,944
2151,1082,940
2151,1083,1054
2151,1084,959
2151,1085,1062
2151,1086,1011
2151,1087,867
2151,1088,1057
2151,1089,1014
2151,1090,940
2151,1091,992
2151,1092,1040
2151,1093,879
2151,1094,831
2151,1095,809
2151,1096,1026
2151,1097,869
2151,1098,1076
2151,1099,1067
2151,1100,971
2152,1001,1055
2152,1002,1019
2152,1003,811
2152,1004,1058
2152,1005,929
2152,1006,940
2152,1007,1080
2152,1008,856
2152,1009,1063
2152,1010,1041
2152,1011,1053
2152,1012,939
2152,1013,837
2152,1014,818
2152,1015,1005
2152,1016,828
2152,1017,836
2152,1018,988
2152,1019,1036
2152,1020,967
2152,1021,1001
2152,1022,830
2152,1023,1012
2152,1024,861
2152,1025,950
2152,1026,902
2152,1027,806
2152,1028,1073
2152,1029,1057
2152,1030,865
2152,1031,830
2152,1032,873
2152,1033,914
2152,1034,1036
2152,1035,810
2152,1036,923
2152,1037,860
2152,1038,1080
2152,1039,894
2152,1040,818
2152,1041,1074
2152,1042,896
2152,1043,880
2152,1044,939
2152,1045,1013
2152,1046,998
2152,1047,818
2152,1048,882
2152,1049,1082
2152,1050,1018
2152,1051,1024
2152,1052,873
2152,1053,853
2152,1054,1052
2152,1055,1088
2152,1056,1028
2152,1057,911
2152,1058,954
2152,1059,1066
2152,1060,835
2152,1061,986
2152,1062,836
2152,1063,968
2152,1064,1032
2152,1065,813
2152,1066,899
2152,1067,1037
2152,1068,955
2152,1069,925
2152,1070,1073
2152,1071,1062
2152,1072,1047
2152,1073,936
2152,1074,875
2152,1075,1033
2152,1076,823
2152,1077,876
2152,1078,1005
2152,1079,976
2152,1080,952
2152,1081,1066
2152,1082,824
2152,1083,1089
2152,1084,1059
2152,1085,1085
2152,1086,1073
2152,1087,974
2152,1088,1078
2152,1089,1054
2152,1090,826
2152,1091,828
2152,1092,1067
2152,1093,1006
2152,1094,937
2152,1095,920
2152,1096,935
2152,1097,1036
2152,1098,1012
2152,1099,1096
2152,1100,920
2201,1001,915
2201,1002,1050
2201,1003,1043
2201,1004,1070
2201,1005,964
2201,1006,836
2201,1007,865
2201,1008,961
2201,1009,822
2201,1010,989
2201,1011,992
2201,1012,928
2201,1013,809
2201,1014,1050
2201,1015,802
2201,1016,895
2201,1017,976
2201,1018,810
2201,1019,938
2201,1020,999
2201,1021,1096
2201,1022,964
2201,1023,917
2201,1024,842
2201,1025,1078
2201,1026,891
2201,1027,1053
2201,1028,1075
2201,1029,1078
2201,1030,815
2201,1031,821
2201,1032,864
2201,1033,835
2201,1034,937
2201,1035,876
2201,1036,952
2201,1037,977
2201,1038,1068
2201,1039,995
2201,1040,978
2201,1041,920
2201,1042,1015
2201,1043,1041
2201,1044,944
2201,1045,943
2201,1046,1093
2201,1047,821
2201,1048,1019
2201,1049,809
2201,1050,920
2201,1051,932
2201,1052,895
2201,1053,882
2201,1054,948
2201,1055,939
2201,1056,1030
2201,1057,847
2201,1058,873
2201,1059,884
2201,1060,911
2201,1061,891
2201,1062,1019
2201,1063,1021
2201,1064,1076
2201,1065,924
2201,1066,929
2201,1067,845
2201,1068,848
2201,1069,895
2201,1070,996
2201,1071,989
2201,1072,1015
2201,1073,880
2201,1074,1032
2201,1075,980
2201,1076,1024
2201,1077,849
2201,1078,921
2201,1079,813
2201,1080,1078
2201,1081,879
2201,1082,1047
2201,1083,1057
2201,1084,1035
2201,1085,870
2201,1086,803
2201,1087,1064
2201,1088,928
2201,1089,999
2201,1090,1064
2201,1091,978
2201,1092,815
2201,1093,1014
2201,1094,1096
2201,1095,1001
2201,1096,919
2201,1097,848
2201,1098,834
2201,1099,926
2201,1100,945
2202,1001,801
2202,1002,989
2202,1003,1031
2202,1004,961
2202,1005,994
2202,1006,908
2202,1007,928
2202,1008,811
2202,1009,1069
2202,1010,861
2202,1011,1070
2202,1012,857
2202,1013,868
2202,1014,867
2202,1015,889
2202,1016,1073
2202,1017,882
2202,1018,881
2202,1019,875
2202,1020,989
2202,1021,1084
2202,1022,975
2202,1023,1026
2202,1024,1080
2202,1025,962
2202,1026,1064
2202,1027,959
2202,1028,1050
2202,1029,1073
2202,1030,999
2202,1031,898
2202,1032,863
2202,1033,1088
2202,1034,921
2202,1035,962
2202,1036,954
2202,1037,1046
2202,1038,853
2202,1039,1034
2202,1040,871
2202,1041,986
2202,1042,859
2202,1043,886
2202,1044,878
2202,1045,810
2202,1046,897
2202,1047,990
2202,1048,840
2202,1049,1033
2202,1050,916
2202,1051,1001
2202,1052,807
2202,1053,1016
2202,1054,963
2202,1055,993
2202,1056,1011
2202,1057,1005
2202,1058,935
2202,1059,857
2202,1060,897
2202,1061,1008
2202,1062,905
2202,1063,846
2202,1064,941
2202,1065,867
2202,1066,919
2202,1067,897
2202,1068,1063
2202,1069,801
2202,1070,1010
2202,1071,1010
2202,1072,1070
2202,1073,1092
2202,1074,1021
2202,1075,930
2202,1076,970
2202,1077,921
2202,1078,978
2202,1079,883
2202,1080,924
2202,1081,935
2202,1082,956
2202,1083,914
2202,1084,1092
2202,1085,855
2202,1086,1095
2202,1087,843
2202,1088,1094
2202,1089,1014
2202,1090,836
2202,1091,871
2202,1092,1030
2202,1093,827
2202,1094,842
2202,1095,825
2202,1096,897
2202,1097,974
2202,1098,980
2202,1099,1013
2202,1100,1043
2203,1001,875
2203,1002,813
2203,1003,948
2203,1004,819
2203,1005,821
2203,1006,1025
2203,1007,864
2203,1008,1024
2203,1009,906
2203,1010,935
2203,1011,1015
2203,1012,908
2203,1013,1082
2203,1014,871
2203,1015,1012
2203,1016,903
2203,1017,956
2203,1018,1012
2203,1019,940
2203,1020,1032
2203,1021,888
2203,1022,920
2203,1023,1008
2203,1024,1091
2203,1025,964
2203,1026,956
2203,1027,903
2203,1028,960
2203,1029,1022
2203,1030,967
2203,1031,815
2203,1032,1069
2203,1033,966
2203,1034,840
2203,1035,1004
2203,1036,917
2203,1037,961
2203,1038,809
2203,1039,966
2203,1040,912
2203,1041,844
2203,1042,1013
2203,1043,880
2203,1044,994
2203,1045,997
2203,1046,836
2203,1047,869
2203,1048,977
2203,1049,990
2203,1050,1055
2203,1051,1022
2203,1052,859
2203,1053,1050
2203,1054,1028
2203,1055,807
2203,1056,806
2203,1057,1082
2203,1058,969
2203,1059,981
2203,1060,981
2203,1061,1055
2203,1062,981
2203,1063,880
2203,1064,1036
2203,1065,873
2203,1066,821
2203,1067,859
2203,1068,934
2203,1069,1034
2203,1070,1037
2203,1071,802
2203,1072,1090
2203,1073,944
2203,1074,886
2203,1075,833
2203,1076,998
2203,1077,1069
2203,1078,986
2203,1079,866
2203,1080,814
2203,1081,853
2203,1082,1067
2203,1083,1052
2203,1084,936
2203,1085,914
2203,1086,1050
2203,1087,908
2203,1088,1079
2203,1089,917
2203,1090,878
2203,1091,987
2203,1092,810
2203,1093,854
2203,1094,897
2203,1095,1068
2203,1096,840
2203,1097,983
2203,1098,1032
2203,1099,1062
2203,1100,905
2204,1001,966
2204,1002,932
2204,1003,1000
2204,1004,867
2204,1005,1077
2204,1006,845
2204,1007,970
2204,1008,924
2204,1009,851
2204,1010,846
2204,1011,891
2204,1012,949
2204,1013,1041
2204,1014,1074
2204,1015,939
2204,1016,804
2204,1017,1049
2204,1018,1049
2204,1019,801
2204,1020,941
2204,1021,903
2204,1022,831
2204,1023,843
2204,1024,1064
2204,1025,841
2204,1026,896
2204,1027,913
2204,1028,1040
2204,1029,1036
2204,1030,1062
2204,1031,837
2204,1032,972
2204,1033,1017
2204,1034,994
2204,1035,866
2204,1036,963
2204,1037,985
2204,1038,956
2204,1039,976
2204,1040,1007
2204,1041,1044
2204,1042,945
2204,1043,918
2204,1044,1092
2204,1045,997
2204,1046,836
2204,1047,945
2204,1048,836
2204,1049,884
2204,1050,857
2204,1051,846
2204,1052,900
2204,1053,1063
2204,1054,1071
2204,1055,811
2204,1056,950
2204,1057,935
2204,1058,847
2204,1059,993
2204,1060,878
2204,1061,1062
2204,1062,1053
2204,1063,1074
2204,1064,813
2204,1065,890
2204,1066,984
2204,1067,911
2204,1068,1023
2204,1069,865
2204,1070,891
2204,1071,967
2204,1072,932
2204,1073,1050
2204,1074,889
2204,1075,1060
2204,1076,1047
2204,1077,842
2204,1078,983
2204,1079,954
2204,1080,947
2204,1081,1021
2204,1082,959
2204,1083,1070
2204,1084,943
2204,1085,880
2204,1086,1055
2204,1087,1012
2204,1088,984
2204,1089,1003
2204,1090,985
2204,1091,1066
2204,1092,894
2204,1093,897
2204,1094,916
2204,1095,1089
2204,1096,950
2204,1097,1026
2204,1098,993
2204,1099,924
2204,1100,822
2205,1001,824
2205,1002,1047
2205,1003,889
2205,1004,938
2205,1005,800
2205,1006,825
2205,1007,1100
2205,1008,807
2205,1009,1077
2205,1010,907
2205,1011,1023
2205,1012,880
2205,1013,1100
2205,1014,1033
2205,1015,938
2205,1016,1026
2205,1017,1045
2205,1018,1060
2205,1019,1013
2205,1020,966
2205,1021,1070
2205,1022,849
2205,1023,985
2205,1024,800
2205,1025,974
2205,1026,826
2205,1027,861
2205,1028,816
2205,1029,954
2205,1030,1073
2205,1031,835
2205,1032,940
2205,1033,1014
2205,1034,1022
2205,1035,904
2205,1036,878
2205,1037,865
2205,1038,869
2205,1039,987
2205,1040,1019
2205,1041,853
2205,1042,954
2205,1043,807
2205,1044,875
2205,1045,1050
2205,1046,985
2205,1047,1005
2205,1048,1036
2205,1049,1071
2205,1050,850
2205,1051,1006
2205,1052,1043
2205,1053,1015
2205,1054,1011
2205,1055,1094
2205,1056,1039
2205,1057,1081
2205,1058,883
2205,1059,950
2205,1060,819
2205,1061,1032
2205,1062,955
2205,1063,1049
2205,1064,805
2205,1065,937
2205,1066,882
2205,1067,941
2205,1068,875
2205,1069,827
2205,1070,915
2205,1071,821
2205,1072,827
2205,1073,831
2205,1074,1066
2205,1075,864
2205,1076,911
2205,1077,912
2205,1078,843
2205,1079,1029
2205,1080,828
2205,1081,894
2205,1082,827
2205,1083,943
2205,1084,1042
2205,1085,939
2205,1086,957
2205,1087,887
2205,1088,810
2205,1089,1003
2205,1090,857
2205,1091,975
2205,1092,859
2205,1093,959
2205,1094,1038
2205,1095,1055
2205,1096,1025
2205,1097,931
2205,1098,994
2205,1099,930
2205,1100,837
2206,1001,1037
2206,1002,816
2206,1003,905
2206,1004,893
2206,1005,1003
2206,1006,1017
2206,1007,1021
2206,1008,913
2206,1009,1040
2206,1010,1040
2206,1011,875
2206,1012,935
2206,1013,1045
2206,1014,846
2206,1015,959
2206,1016,1077
2206,1017,1004
2206,1018,969
2206,1019,1055
2206,1020,984
2206,1021,940
2206,1022,902
2206,1023,885
2206,1024,1038
2206,1025,1060
2206,1026,1046
2206,1027,810
2206,1028,980
2206,1029,1026
2206,1030,1031
2206,1031,811
2206,1032,955
2206,1033,847
2206,1034,940
2206,1035,969
2206,1036,1085
2206,1037,993
2206,1038,1016
2206,1039,929
2206,1040,1050
2206,1041,866
2206,1042,956
2206,1043,885
2206,1044,955
2206,1045,1086
2206,1046,924
2206,1047,966
2206,1048,1032
2206,1049,1052
2206,1050,1062
2206,1051,1095
2206,1052,1072
2206,1053,1088
2206,1054,849
2206,1055,1092
2206,1056,930
2206,1057,943
2206,1058,874
2206,1059,1003
2206,1060,1002
2206,1061,1074
2206,1062,864
2206,1063,909
2206,1064,1074
2206,1065,813
2206,1066,1004
2206,1067,975
2206,1068,948
2206,1069,1039
2206,1070,882
2206,1071,989
2206,1072,892
2206,1073,1063
2206,1074,849
2206,1075,822
2206,1076,1014
2206,1077,836
2206,1078,801
2206,1079,919
2206,1080,1024
2206,1081,896
2206,1082,905
2206,1083,902
2206,1084,1088
2206,1085,1010
2206,1086,1074
2206,1087,882
2206,1088,1039
2206,1089,942
2206,1090,897
2206,1091,978
2206,1092,1020
2206,1093,963
2206,1094,921
2206,1095,894
2206,1096,1038
2206,1097,1073
2206,1098,1079
2206,1099,1096
2206,1100,847
2207,1001,937
2207,1002,805
2207,1003,948
2207,1004,1060
2207,1005,950
2207,1006,859
2207,1007,996
2207,1008,900
2207,1009,1073
2207,1010,1099
2207,1011,860
2207,1012,1032
2207,1013,989
2207,1014,1018
2207,1015,943
2207,1016,1078
2207,1017,870
2207,1018,1031
2207,1019,809
2207,1020,1026
2207,1021,920
2207,1022,856
2207,1023,956
2207,1024,1086
2207,1025,895
2207,1026,818
2207,1027,912
2207,1028,811
2207,1029,1003
2207,1030,874
2207,1031,870
2207,1032,1087
2207,1033,874
2207,1034,966
2207,1035,978
2207,1036,1029
2207,1037,807
2207,1038,973
2207,1039,1056
2207,1040,1080
2207,1041,988
2207,1042,931
2207,1043,1041
2207,1044,905
2207,1045,1063
2207,1046,1038
2207,1047,983
2207,1048,1023
2207,1049,951
2207,1050,881
2207,1051,951
2207,1052,1007
2207,1053,961
2207,1054,928
2207,1055,1011
2207,1056,1073
2207,1057,844
2207,1058,1073
2207,1059,991
2207,1060,977
2207,1061,1048
2207,1062,891
2207,1063,825
2207,1064,1098
2207,1065,825
2207,1066,947
2207,1067,1023
2207,1068,924
2207,1069,938
2207,1070,1086
2207,1071,965
2207,1072,1078
2207,1073,845
2207,1074,1015
2207,1075,909
2207,1076,1051
2207,1077,949
2207,1078,1065
2207,1079,1013
2207,1080,823
2207,1081,942
2207,1082,1075
2207,1083,1049
2207,1084,833
2207,1085,927
2207,1086,1056
2207,1087,1033
2207,1088,1052
2207,1089,993
2207,1090,988
2207,1091,819
2207,1092,905
2207,1093,1022
2207,1094,958
2207,1095,885
2207,1096,808
2207,1097,934
2207,1098,1008
2207,1099,825
2207,1100,988
2208,1001,822
2208,1002,821
2208,1003,848
2208,1004,945
2208,1005,1095
2208,1006,829
2208,1007,885
2208,1008,1089
2208,1009,868
2208,1010,980
2208,1011,1034
2208,1012,951
2208,1013,801
2208,1014,816
2208,1015,1021
2208,1016,945
2208,1017,998
2208,1018,968
2208,1019,1060
2208,1020,835
2208,1021,1033
2208,1022,810
2208,1023,806
2208,1024,898
2208,1025,894
2208,1026,936
2208,1027,945
2208,1028,893
2208,1029,1059
2208,1030,1039
2208,1031,924
2208,1032,813
2208,1033,1040
2208,1034,935
2208,1035,912
2208,1036,991
2208,1037,970
2208,1038,976
2208,1039,901
2208,1040,985
2208,1041,898
2208,1042,1044
2208,1043,923
2208,1044,1081
2208,1045,1096
2208,1046,816
2208,1047,946
2208,1048,894
2208,1049,1077
2208,1050,864
2208,1051,1090
2208,1052,809
2208,1053,1055
2208,1054,972
2208,1055,812
2208,1056,814
2208,1057,1037
2208,1058,899
2208,1059,925
2208,1060,980
2208,1061,1003
2208,1062,1093
2208,1063,1032
2208,1064,1065
2208,1065,1067
2208,1066,885
2208,1067,840
2208,1068,997
2208,1069,1058
2208,1070,1091
2208,1071,818
2208,1072,1063
2208,1073,816
2208,1074,1062
2208,1075,978
2208,1076,895
2208,1077,1015
2208,1078,997
2208,1079,832
2208,1080,952
2208,1081,881
2208,1082,980
2208,1083,962
2208,1084,1023
2208,1085,1003
2208,1086,1091
2208,1087,1052
2208,1088,863
2208,1089,1062
2208,1090,1095
2208,1091,902
2208,1092,950
2208,1093,816
2208,1094,1086
2208,1095,884
2208,1096,1061
2208,1097,1049
2208,1098,991
2208,1099,1069
2208,1100,1004
2209,1001,841
2209,1002,846
2209,1003,926
2209,1004,884
2209,1005,916
2209,1006,828
2209,1007,1027
2209,1008,966
2209,1009,962
2209,1010,986
2209,1011,1050
2209,1012,1080
2209,1013,999
2209,1014,920
2209,1015,918
2209,1016,972
2209,1017,807
2209,1018,863
2209,1019,977
2209,1020,974
2209,1021,816
2209,1022,1073
2209,1023,1007
2209,1024,804
2209,1025,870
2209,1026,877
2209,1027,863
2209,1028,946
2209,1029,953
2209,1030,1052
2209,1031,827
2209,1032,972
2209,1033,824
2209,1034,1027
2209,1035,1005
2209,1036,911
2209,1037,1099
2209,1038,951
2209,1039,823
2209,1040,1009
2209,1041,1016
2209,1042,987
2209,1043,1043
2209,1044,889
2209,1045,1029
2209,1046,878
2209,1047,1037
2209,1048,942
2209,1049,892
2209,1050,1021
2209,1051,934
2209,1052,844
2209,1053,873
2209,1054,993
2209,1055,804
2209,1056,906
2209,1057,808
2209,1058,1025
2209,1059,899
2209,1060,928
2209,1061,987
2209,1062,850
2209,1063,1070
2209,1064,818
2209,1065,823
2209,1066,1072
2209,1067,973
2209,1068,933
2209,1069,941
2209,1070,1039
2209,1071,810
2209,1072,914
2209,1073,969
2209,1074,918
2209,1075,819
2209,1076,861
2209,1077,1089
2209,1078,821
2209,1079,1042
2209,1080,1033
2209,1081,960
2209,1082,1067
2209,1083,893
2209,1084,963
2209,1085,975
2209,1086,908
2209,1087,850
2209,1088,1100
2209,1089,978
2209,1090,908
2209,1091,945
2209,1092,892
2209,1093,899
2209,1094,1028
2209,1095,863
2209,1096,827
2209,1097,1040
2209,1098,899
2209,1099,1005
2209,1100,983
2210,1001,1038
2210,1002,977
2210,1003,860
2210,1004,951
2210,1005,1043
2210,1006,827
2210,1007,1015
2210,1008,956
2210,1009,1001
2210,1010,954
2210,1011,1088
2210,1012,860
2210,1013,946
2210,1014,984
2210,1015,1057
2210,1016,1001
2210,1017,971
2210,1018,1021
2210,1019,1013
2210,1020,1100
2210,1021,923
2210,1022,841
2210,1023,923
2210,1024,988
2210,1025,852
2210,1026,1038
2210,1027,1061
2210,1028,939
2210,1029,802
2210,1030,1004
2210,1031,824
2210,1032,813
2210,1033,818
2210,1034,1068
2210,1035,890
2210,1036,849
2210,1037,877
2210,1038,1085
2210,1039,924
2210,1040,1083
2210,1041,1055
2210,1042,1057
2210,1043,814
2210,1044,830
2210,1045,854
2210,1046,922
2210,1047,1037
2210,1048,985
2210,1049,919
2210,1050,813
2210,1051,982
2210,1052,964
2210,1053,969
2210,1054,944
2210,1055,1056
2210,1056,800
2210,1057,870
2210,1058,1065
2210,1059,853
2210,1060,1010
2210,1061,991
2210,1062,829
2210,1063,874
2210,1064,962
2210,1065,938
2210,1066,1051
2210,1067,955
2210,1068,1056
2210,1069,994
2210,1070,847
2210,1071,818
2210,1072,1060
2210,1073,1041
2210,1074,1098
2210,1075,891
2210,1076,1085
2210,1077,963
2210,1078,957
2210,1079,916
2210,1080,1044
2210,1081,966
2210,1082,958
2210,1083,842
2210,1084,1034
2210,1085,869
2210,1086,998
2210,1087,1062
2210,1088,984
2210,1089,964
2210,1090,1032
2210,1091,985
2210,1092,850
2210,1093,829
2210,1094,818
2210,1095,858
2210,1096,880
2210,1097,948
2210,1098,1000
2210,1099,808
2210,1100,1060
2211,1001,1036
2211,1002,805
2211,1003,1033
2211,1004,934
2211,1005,864
2211,1006,1022
2211,1007,1015
2211,1008,827
2211,1009,909
2211,1010,926
2211,1011,874
2211,1012,930
2211,1013,998
2211,1014,1096
2211,1015,829
2211,1016,1053
2211,1017,932
2211,1018,977
2211,1019,931
2211,1020,1082
2211,1021,1028
2211,1022,874
2211,1023,1055
2211,1024,933
2211,1025,1057
2211,1026,930
2211,1027,1059
2211,1028,1044
2211,1029,932
2211,1030,1090
2211,1031,1049
2211,1032,805
2211,1033,1079
2211,1034,894
2211,1035,825
2211,1036,1089
2211,1037,927
2211,1038,915
2211,1039,1001
2211,1040,1025
2211,1041,944
2211,1042,936
2211,1043,899
2211,1044,812
2211,1045,979
2211,1046,994
2211,1047,855
2211,1048,856
2211,1049,825
2211,1050,1050
2211,1051,876
2211,1052,1012
2211,1053,812
2211,1054,888
2211,1055,1086
2211,1056,1085
2211,1057,870
2211,1058,1042
2211,1059,1037
2211,1060,935
2211,1061,828
2211,1062,837
2211,1063,1030
2211,1064,966
2211,1065,922
2211,1066,1083
2211,1067,918
2211,1068,918
2211,1069,1093
2211,1070,942
2211,1071,1043
2211,1072,878
2211,1073,868
2211,1074,1053
2211,1075,861
2211,1076,953
2211,1077,1047
2211,1078,880
2211,1079,1014
2211,1080,845
2211,1081,848
2211,1082,1058
2211,1083,1055
2211,1084,833
2211,1085,876
2211,1086,957
2211,1087,1072
2211,1088,1044
2211,1089,949
2211,1090,819
2211,1091,1091
2211,1092,1004
2211,1093,1023
2211,1094,832
2211,1095,1055
2211,1096,902
2211,1097,957
2211,1098,1049
2211,1099,1008
2211,1100,883
2212,1001,917
2212,1002,1058
2212,1003,841
2212,1004,972
2212,1005,838
2212,1006,1056
2212,1007,978
2212,1008,845
2212,1009,1097
2212,1010,947
2212,1011,959
2212,1012,1025
2212,1013,887
2212,1014,971
2212,1015,1075
2212,1016,886
2212,1017,905
2212,1018,1056
2212,1019,900
2212,1020,1099
2212,1021,848
2212,1022,868
2212,1023,810
2212,1024,1096
2212,1025,909
2212,1026,918
2212,1027,1039
2212,1028,893
2212,1029,996
2212,1030,812
2212,1031,951
2212,1032,1032
2212,1033,866
2212,1034,1097
2212,1035,920
2212,1036,800
2212,1037,1048
2212,1038,877
2212,1039,837
2212,1040,842
2212,1041,1034
2212,1042,937
2212,1043,855
2212,1044,1023
2212,1045,940
2212,1046,814
2212,1047,1060
2212,1048,805
2212,1049,812
2212,1050,921
2212,1051,949
2212,1052,999
2212,1053,967
2212,1054,950
2212,1055,987
2212,1056,1069
2212,1057,837
2212,1058,870
2212,1059,1053
2212,1060,839
2212,1061,994
2212,1062,854
2212,1063,832
2212,1064,807
2212,1065,895
2212,1066,936
2212,1067,1004
2212,1068,865
2212,1069,890
2212,1070,811
2212,1071,910
2212,1072,849
2212,1073,808
2212,1074,993
2212,1075,906
2212,1076,1084
2212,1077,816
2212,1078,974
2212,1079,1011
2212,1080,1013
2212,1081,1012
2212,1082,1006
2212,1083,959
2212,1084,1041
2212,1085,996
2212,1086,985
2212,1087,813
2212,1088,868
2212,1089,828
2212,1090,837
2212,1091,1038
2212,1092,845
2212,1093,938
2212,1094,810
2212,1095,1097
2212,1096,1026
2212,1097,913
2212,1098,1037
2212,1099,884
2212,1100,950
2213,1001,883
2213,1002,899
2213,1003,825
2213,1004,895
2213,1005,811
2213,1006,1100
2213,1007,961
2213,1008,1036
2213,1009,816
2213,1010,1075
2213,1011,821
2213,1012,979
2213,1013,967
2213,1014,802
2213,1015,1078
2213,1016,832
2213,1017,837
2213,1018,924
2213,1019,846
2213,1020,992
2213,1021,868
2213,1022,962
2213,1023,892
2213,1024,974
2213,1025,804
2213,1026,932
2213,1027,963
2213,1028,823
2213,1029,1019
2213,1030,950
2213,1031,1047
2213,1032,868
2213,1033,1087
2213,1034,985
2213,1035,1031
2213,1036,878
2213,1037,861
2213,1038,880
2213,1039,1087
2213,1040,832
2213,1041,981
2213,1042,1033
2213,1043,982
2213,1044,863
2213,1045,812
2213,1046,846
2213,1047,882
2213,1048,825
2213,1049,999
2213,1050,994
2213,1051,957
2213,1052,919
2213,1053,972
2213,1054,1074
2213,1055,942
2213,1056,1077
2213,1057,904
2213,1058,935
2213,1059,811
2213,1060,987
2213,1061,908
2213,1062,911
2213,1063,985
2213,1064,990
2213,1065,1075
2213,1066,858
2213,1067,924
2213,1068,986
2213,1069,1057
2213,1070,987
2213,1071,1027
2213,1072,874
2213,1073,1020
2213,1074,988
2213,1075,955
2213,1076,832
2213,1077,955
2213,1078,889
2213,1079,880
2213,1080,931
2213,1081,966
2213,1082,820
2213,1083,1044
2213,1084,923
2213,1085,1026
2213,1086,1059
2213,1087,980
2213,1088,999
2213,1089,1095
2213,1090,1007
2213,1091,1048
2213,1092,1058
2213,1093,865
2213,1094,802
2213,1095,886
2213,1096,1039
2213,1097,902
2213,1098,1060
2213,1099,955
2213,1100,995
2214,1001,903
2214,1002,953
2214,1003,927
2214,1004,898
2214,1005,910
2214,1006,1003
2214,1007,923
2214,1008,1046
2214,1009,844
2214,1010,850
2214,1011,1076
2214,1012,1004
2214,1013,944
2214,1014,1030
2214,1015,930
2214,1016,948
2214,1017,1009
2214,1018,1006
2214,1019,878
2214,1020,861
2214,1021,969
2214,1022,807
2214,1023,1039
2214,1024,1005
2214,1025,1020
2214,1026,988
2214,1027,985
2214,1028,1066
2214,1029,933
2214,1030,1065
2214,1031,911
2214,1032,838
2214,1033,922
2214,1034,1028
2214,1035,936
2214,1036,1047
2214,1037,975
2214,1038,847
2214,1039,915
2214,1040,819
2214,1041,823
2214,1042,943
2214,1043,818
2214,1044,804
2214,1045,982
2214,1046,1015
2214,1047,931
2214,1048,1078
2214,1049,978
2214,1050,824
2214,1051,984
2214,1052,814
2214,1053,1018
2214,1054,927
2214,1055,826
2214,1056,881
2214,1057,982
2214,1058,827
2214,1059,1002
2214,1060,1000
2214,1061,849
2214,1062,847
2214,1063,971
2214,1064,953
2214,1065,1029
2214,1066,1079
2214,1067,888
2214,1068,911
2214,1069,834
2214,1070,1047
2214,1071,906
2214,1072,872
2214,1073,1051
2214,1074,975
2214,1075,827
2214,1076,936
2214,1077,1065
2214,1078,987
2214,1079,996
2214,1080,859
2214,1081,844
2214,1082,839
2214,1083,1080
2214,1084,867
2214,1085,872
2214,1086,834
2214,1087,811
2214,1088,845
2214,1089,1057
2214,1090,870
2214,1091,850
2214,1092,872
2214,1093,832
2214,1094,1014
2214,1095,1035
2214,1096,900
2214,1097,1085
2214,1098,1080
2214,1099,951
2214,1100,1046
2215,1001,831
2215,1002,1014
2215,1003,992
2215,1004,834
2215,1005,1097
2215,1006,922
2215,1007,1083
2215,1008,857
2215,1009,986
2215,1010,1100
2215,1011,830
2215,1012,815
2215,1013,804
2215,1014,960
2215,1015,928
2215,1016,1098
2215,1017,914
2215,1018,1088
2215,1019,921
2215,1020,972
2215,1021,827
2215,1022,910
2215,1023,824
2215,1024,813
2215,1025,1023
2215,1026,910
2215,1027,1036
2215,1028,1063
2215,1029,929
2215,1030,1063
2215,1031,859
2215,1032,969
2215,1033,836
2215,1034,852
2215,1035,1038
2215,1036,1040
2215,1037,822
2215,1038,982
2215,1039,904
2215,1040,865
2215,1041,890
2215,1042,940
2215,1043,987
2215,1044,1031
2215,1045,966
2215,1046,825
2215,1047,884
2215,1048,1027
2215,1049,967
2215,1050,829
2215,1051,1042
2215,1052,821
2215,1053,817
2215,1054,827
2215,1055,954
2215,1056,830
2215,1057,1051
2215,1058,1012
2215,1059,1014
2215,1060,813
2215,1061,1086
2215,1062,852
2215,1063,1014
2215,1064,822
2215,1065,918
2215,1066,834
2215,1067,1004
2215,1068,1090
2215,1069,1022
2215,1070,1099
2215,1071,892
2215,1072,861
2215,1073,996
2215,1074,909
2215,1075,1034
2215,1076,1005
2215,1077,1037
2215,1078,923
2215,1079,1090
2215,1080,878
2215,1081,860
2215,1082,1052
2215,1083,934
2215,1084,895
2215,1085,923
2215,1086,905
2215,1087,1042
2215,1088,952
2215,1089,845
2215,1090,879
2215,1091,977
2215,1092,963
2215,1093,836
2215,1094,1073
2215,1095,960
2215,1096,1019
2215,1097,898
2215,1098,956
2215,1099,1050
2215,1100,893
2216,1001,849
2216,1002,862
2216,1003,1053
2216,1004,985
2216,1005,1090
2216,1006,963
2216,1007,800
2216,1008,1091
2216,1009,990
2216,1010,1083
2216,1011,1032
2216,1012,809
2216,1013,1066
2216,1014,1036
2216,1015,820
2216,1016,864
2216,1017,1032
2216,1018,1011
2216,1019,1069
2216,1020,855
2216,1021,918
2216,1022,1096
2216,1023,831
2216,1024,883
2216,1025,884
2216,1026,929
2216,1027,941
2216,1028,1058
2216,1029,880
2216,1030,864
2216,1031,801
2216,1032,882
2216,1033,1018
2216,1034,986
2216,1035,1092
2216,1036,826
2216,1037,995
2216,1038,939
2216,1039,1097
2216,1040,1000
2216,1041,911
2216,1042,848
2216,1043,993
2216,1044,810
2216,1045,1016
2216,1046,871
2216,1047,845
2216,1048,869
2216,1049,1098
2216,1050,1065
2216,1051,1086
2216,1052,1067
2216,1053,918
2216,1054,1078
2216,1055,986
2216,1056,1098
2216,1057,973
2216,1058,863
2216,1059,828
2216,1060,818
2216,1061,945
2216,1062,1064
2216,1063,806
2216,1064,800
2216,1065,1069
2216,1066,957
2216,1067,1090
2216,1068,815
2216,1069,820
2216,1070,953
2216,1071,901
2216,1072,1088
2216,1073,908
2216,1074,820
2216,1075,858
2216,1076,994
2216,1077,1089
2216,1078,1047
2216,1079,916
2216,1080,1099
2216,1081,1013
2216,1082,976
2216,1083,864
2216,1084,932
2216,1085,966
2216,1086,857
2216,1087,936
2216,1088,856
2216,1089,901
2216,1090,1089
2216,1091,922
2216,1092,1033
2216,1093,934
2216,1094,892
2216,1095,1058
2216,1096,971
2216,1097,923
2216,1098,959
2216,1099,1047
2216,1100,976
2217,1001,978
2217,1002,970
2217,1003,938
2217,1004,1011
2217,1005,811
2217,1006,1075
2217,1007,812
2217,1008,1041
2217,1009,1073
2217,1010,913
2217,1011,910
2217,1012,841
2217,1013,834
2217,1014,957
2217,1015,838
2217,1016,866
2217,1017,964
2217,1018,845
2217,1019,916
2217,1020,882
2217,1021,995
2217,1022,1095
2217,1023,1029
2217,1024,817
2217,1025,894
2217,1026,1077
2217,1027,1093
2217,1028,929
2217,1029,1005
2217,1030,877
2217,1031,803
2217,1032,972
2217,1033,1078
2217,1034,1053
2217,1035,1014
2217,1036,860
2217,1037,834
2217,1038,860
2217,1039,898
2217,1040,939
2217,1041,807
2217,1042,828
2217,1043,969
2217,1044,912
2217,1045,802
2217,1046,1008
2217,1047,1006
2217,1048,1083
2217,1049,873
2217,1050,1065
2217,1051,934
2217,1052,1088
2217,1053,866
2217,1054,1029
2217,1055,815
2217,1056,1004
2217,1057,1011
2217,1058,960
2217,1059,1069
2217,1060,844
2217,1061,939
2217,1062,873
2217,1063,942
2217,1064,812
2217,1065,999
2217,1066,1087
2217,1067,1038
2217,1068,873
2217,1069,819
2217,1070,1063
2217,1071,963
2217,1072,883
2217,1073,896
2217,1074,1074
2217,1075,955
2217,1076,1057
2217,1077,819
2217,1078,1086
2217,1079,822
2217,1080,984
2217,1081,1078
2217,1082,1059
2217,1083,1078
2217,1084,1078
2217,1085,942
2217,1086,1055
2217,1087,839
2217,1088,922
2217,1089,1003
2217,1090,906
2217,1091,813
2217,1092,908
2217,1093,1024
2217,1094,830
2217,1095,1052
2217,1096,1040
2217,1097,835
2217,1098,873
2217,1099,919
2217,1100,912
2218,1001,1052
2218,1002,1057
2218,1003,973
2218,1004,957
2218,1005,1096
2218,1006,842
2218,1007,891
2218,1008,1027
2218,1009,916
2218,1010,1038
2218,1011,951
2218,1012,1043
2218,1013,1011
2218,1014,1080
2218,1015,992
2218,1016,1013
2218,1017,1066
2218,1018,1084
2218,1019,947
2218,1020,974
2218,1021,803
2218,1022,882
2218,1023,1049
2218,1024,1097
2218,1025,1081
2218,1026,1090
2218,1027,1080
2218,1028,894
2218,1029,915
2218,1030,904
2218,1031,829
2218,1032,926
2218,1033,1056
2218,1034,1018
2218,1035,801
2218,1036,889
2218,1037,877
2218,1038,908
2218,1039,873
2218,1040,833
2218,1041,885
2218,1042,917
2218,1043,902
2218,1044,848
2218,1045,870
2218,1046,949
2218,1047,938
2218,1048,1064
2218,1049,983
2218,1050,882
2218,1051,855
2218,1052,1072
2218,1053,1011
2218,1054,904
2218,1055,1093
2218,1056,1011
2218,1057,876
2218,1058,838
2218,1059,952
2218,1060,1045
2218,1061,997
2218,1062,811
2218,1063,953
2218,1064,881
2218,1065,859
2218,1066,1022
2218,1067,997
2218,1068,1083
2218,1069,973
2218,1070,966
2218,1071,1059
2218,1072,1073
2218,1073,892
2218,1074,1071
2218,1075,942
2218,1076,830
2218,1077,992
2218,1078,1088
2218,1079,826
2218,1080,922
2218,1081,889
2218,1082,851
2218,1083,803
2218,1084,961
2218,1085,1014
2218,1086,973
2218,1087,830
2218,1088,993
2218,1089,921
2218,1090,1096
2218,1091,871
2218,1092,1007
2218,1093,1039
2218,1094,886
2218,1095,1000
2218,1096,1076
2218,1097,834
2218,1098,811
2218,1099,922
2218,1100,1022
2219,1001,1079
2219,1002,947
2219,1003,824
2219,1004,930
2219,1005,962
2219,1006,1100
2219,1007,1078
2219,1008,1060
2219,1009,1016
2219,1010,931
2219,1011,816
2219,1012,908
2219,1013,863
2219,1014,1088
2219,1015,1081
2219,1016,908
2219,1017,1093
2219,1018,1075
2219,1019,968
2219,1020,917
2219,1021,943
2219,1022,858
2219,1023,1087
2219,1024,823
2219,1025,843
2219,1026,978
2219,1027,1004
2219,1028,1015
2219,1029,1020
2219,1030,843
2219,1031,868
2219,1032,1050
2219,1033,954
2219,1034,914
2219,1035,1012
2219,1036,1057
2219,1037,838
2219,1038,1003
2219,1039,1012
2219,1040,1020
2219,1041,915
2219,1042,1012
2219,1043,805
2219,1044,1032
2219,1045,974
2219,1046,811
2219,1047,1032
2219,1048,974
2219,1049,999
2219,1050,963
2219,1051,956
2219,1052,849
2219,1053,837
2219,1054,827
2219,1055,841
2219,1056,1032
2219,1057,980
2219,1058,967
2219,1059,988
2219,1060,1076
2219,1061,804
2219,1062,1004
2219,1063,951
2219,1064,926
2219,1065,979
2219,1066,1023
2219,1067,830
2219,1068,821
2219,1069,821
2219,1070,884
2219,1071,1083
2219,1072,959
2219,1073,902
2219,1074,920
2219,1075,880
2219,1076,1043
2219,1077,852
2219,1078,876
2219,1079,830
2219,1080,949
2219,1081,1003
2219,1082,908
2219,1083,888
2219,1084,892
2219,1085,1088
2219,1086,909
2219,1087,994
2219,1088,897
2219,1089,1077
2219,1090,1013
2219,1091,1008
2219,1092,937
2219,1093,804
2219,1094,909
2219,1095,968
2219,1096,858
2219,1097,995
2219,1098,964
2219,1099,853
2219,1100,1039
2220,1001,877
2220,1002,1046
2220,1003,870
2220,1004,911
2220,1005,815
2220,1006,940
2220,1007,947
2220,1008,853
2220,1009,855
2220,1010,950
2220,1011,937
2220,1012,981
2220,1013,920
2220,1014,1027
2220,1015,1080
2220,1016,1098
2220,1017,862
2220,1018,1092
2220,1019,1017
2220,1020,924
2220,1021,894
2220,1022,975
2220,1023,975
2220,1024,1092
2220,1025,898
2220,1026,867
2220,1027,947
2220,1028,801
2220,1029,1021
2220,1030,985
2220,1031,972
2220,1032,1070
2220,1033,1025
2220,1034,947
2220,1035,881
2220,1036,999
2220,1037,1073
2220,1038,1057
2220,1039,1043
2220,1040,1030
2220,1041,888
2220,1042,970
2220,1043,1023
2220,1044,1059
2220,1045,1019
2220,1046,991
2220,1047,810
2220,1048,856
2220,1049,995
2220,1050,891
2220,1051,867
2220,1052,945
2220,1053,868
2220,1054,812
2220,1055,845
2220,1056,824
2220,1057,1044
2220,1058,829
2220,1059,855
2220,1060,1048
2220,1061,838
2220,1062,873
2220,1063,840
2220,1064,1100
2220,1065,895
2220,1066,947
2220,1067,1009
2220,1068,905
2220,1069,1008
2220,1070,945
2220,1071,811
2220,1072,969
2220,1073,813
2220,1074,877
2220,1075,1076
2220,1076,885
2220,1077,887
2220,1078,999
2220,1079,1060
2220,1080,1062
2220,1081,1026
2220,1082,985
2220,1083,831
2220,1084,978
2220,1085,931
2220,1086,1055
2220,1087,890
2220,1088,1078
2220,1089,977
2220,1090,905
2220,1091,996
2220,1092,1073
2220,1093,859
2220,1094,830
2220,1095,983
2220,1096,893
2220,1097,868
2220,1098,813
2220,1099,865
2220,1100,920
2221,1001,875
2221,1002,926
2221,1003,862
2221,1004,1038
2221,1005,927
2221,1006,1026
2221,1007,1079
2221,1008,1020
2221,1009,1094
2221,1010,1037
2221,1011,997
2221,1012,954
2221,1013,827
2221,1014,1006
2221,1015,851
2221,1016,971
2221,1017,906
2221,1018,950
2221,1019,839
2221,1020,1078
2221,1021,870
2221,1022,1057
2221,1023,968
2221,1024,872
2221,1025,962
2221,1026,905
2221,1027,985
2221,1028,1018
2221,1029,885
2221,1030,1014
2221,1031,1095
2221,1032,971
2221,1033,935
2221,1034,906
2221,1035,900
2221,1036,901
2221,1037,1016
2221,1038,856
2221,1039,1058
2221,1040,1095
2221,1041,1007
2221,1042,1100
2221,1043,860
2221,1044,1028
2221,1045,804
2221,1046,1021
2221,1047,816
2221,1048,903
2221,1049,979
2221,1050,887
2221,1051,901
2221,1052,1048
2221,1053,881
2221,1054,873
2221,1055,810
2221,1056,862
2221,1057,907
2221,1058,817
2221,1059,1054
2221,1060,844
2221,1061,832
2221,1062,1078
2221,1063,851
2221,1064,916
2221,1065,909
2221,1066,882
2221,1067,933
2221,1068,912
2221,1069,987
2221,1070,962
2221,1071,917
2221,1072,807
2221,1073,900
2221,1074,902
2221,1075,1010
2221,1076,930
2221,1077,964
2221,1078,980
2221,1079,940
2221,1080,981
2221,1081,1042
2221,1082,994
2221,1083,1054
2221,1084,1090
2221,1085,1067
2221,1086,909
2221,1087,1015
2221,1088,966
2221,1089,825
2221,1090,1046
2221,1091,953
2221,1092,833
2221,1093,1001
2221,1094,1033
2221,1095,1067
2221,1096,923
2221,1097,1016
2221,1098,930
2221,1099,1053
2221,1100,886
2222,1001,969
2222,1002,1017
2222,1003,937
2222,1004,992
2222,1005,827
2222,1006,853
2222,1007,1046
2222,1008,1017
2222,1009,967
2222,1010,846
2222,1011,1002
2222,1012,993
2222,1013,1015
2222,1014,1012
2222,1015,1014
2222,1016,1045
2222,1017,1075
2222,1018,806
2222,1019,820
2222,1020,963
2222,1021,882
2222,1022,994
2222,1023,820
2222,1024,976
2222,1025,826
2222,1026,823
2222,1027,877
2222,1028,1013
2222,1029,974
2222,1030,966
2222,1031,990
2222,1032,1046
2222,1033,898
2222,1034,1080
2222,1035,853
2222,1036,857
2222,1037,1077
2222,1038,1013
2222,1039,812
2222,1040,999
2222,1041,850
2222,1042,1090
2222,1043,872
2222,1044,952
2222,1045,937
2222,1046,836
2222,1047,883
2222,1048,1023
2222,1049,813
2222,1050,1091
2222,1051,1076
2222,1052,923
2222,1053,1016
2222,1054,832
2222,1055,853
2222,1056,828
2222,1057,996
2222,1058,994
2222,1059,1035
2222,1060,989
2222,1061,890
2222,1062,876
2222,1063,946
2222,1064,944
2222,1065,1065
2222,1066,882
2222,1067,812
2222,1068,1010
2222,1069,890
2222,1070,1016
2222,1071,874
2222,1072,1055
2222,1073,925
2222,1074,867
2222,1075,808
2222,1076,901
2222,1077,845
2222,1078,850
2222,1079,967
2222,1080,815
2222,1081,892
2222,1082,836
2222,1083,879
2222,1084,808
2222,1085,1054
2222,1086,1016
2222,1087,1069
2222,1088,813
2222,1089,836
2222,1090,1052
2222,1091,1097
2222,1092,1034
2222,1093,1013
2222,1094,1032
2222,1095,999
2222,1096,855
2222,1097,949
2222,1098,982
2222,1099,897
2222,1100,841
2223,1001,875
2223,1002,983
2223,1003,963
2223,1004,918
2223,1005,848
2223,1006,1075
2223,1007,928
2223,1008,804
2223,1009,1011
2223,1010,809
2223,1011,1062
2223,1012,877
2223,1013,1037
2223,1014,815
2223,1015,896
2223,1016,1061
2223,1017,898
2223,1018,971
2223,1019,844
2223,1020,894
2223,1021,875
2223,1022,909
2223,1023,874
2223,1024,883
2223,1025,968
2223,1026,1074
2223,1027,884
2223,1028,851
2223,1029,823
2223,1030,992
2223,1031,1027
2223,1032,802
2223,1033,971
2223,1034,992
2223,1035,902
2223,1036,846
2223,1037,873
2223,1038,869
2223,1039,1053
2223,1040,808
2223,1041,1063
2223,1042,926
2223,1043,1031
2223,1044,982
2223,1045,985
2223,1046,1015
2223,1047,1051
2223,1048,847
2223,1049,1092
2223,1050,867
2223,1051,926
2223,1052,830
2223,1053,974
2223,1054,894
2223,1055,1080
2223,1056,877
2223,1057,862
2223,1058,868
2223,1059,1055
2223,1060,846
2223,1061,1031
2223,1062,895
2223,1063,944
2223,1064,838
2223,1065,909
2223,1066,937
2223,1067,1011
2223,1068,858
2223,1069,1076
2223,1070,870
2223,1071,929
2223,1072,975
2223,1073,985
2223,1074,909
2223,1075,846
2223,1076,1062
2223,1077,851
2223,1078,929
2223,1079,987
2223,1080,899
2223,1081,1057
2223,1082,1057
2223,1083,1022
2223,1084,803
2223,1085,941
2223,1086,938
2223,1087,1025
2223,1088,980
2223,1089,971
2223,1090,948
2223,1091,805
2223,1092,1015
2223,1093,1044
2223,1094,920
2223,1095,858
2223,1096,1014
2223,1097,1032
2223,1098,1056
2223,1099,1074
2223,1100,948
2224,1001,944
2224,1002,1038
2224,1003,832
2224,1004,1099
2224,1005,983
2224,1006,888
2224,1007,1005
2224,1008,911
2224,1009,970
2224,1010,833
2224,1011,913
2224,1012,1012
2224,1013,1008
2224,1014,988
2224,1015,1060
2224,1016,919
2224,1017,918
2224,1018,1042
2224,1019,909
2224,1020,1085
2224,1021,895
2224,1022,917
2224,1023,984
2224,1024,1092
2224,1025,988
2224,1026,898
2224,1027,979
2224,1028,1003
2224,1029,1100
2224,1030,1034
2224,1031,895
2224,1032,1076
2224,1033,861
2224,1034,1022
2224,1035,1032
2224,1036,887
2224,1037,831
2224,1038,916
2224,1039,925
2224,1040,871
2224,1041,912
2224,1042,1027
2224,1043,1018
2224,1044,928
2224,1045,945
2224,1046,901
2224,1047,1024
2224,1048,1084
2224,1049,939
2224,1050,908
2224,1051,883
2224,1052,1082
2224,1053,889
2224,1054,940
2224,1055,1071
2224,1056,940
2224,1057,851
2224,1058,898
2224,1059,818
2224,1060,855
2224,1061,963
2224,1062,980
2224,1063,922
2224,1064,934
2224,1065,947
2224,1066,884
2224,1067,1036
2224,1068,827
2224,1069,1096
2224,1070,832
2224,1071,1013
2224,1072,1090
2224,1073,976
2224,1074,850
2224,1075,956
2224,1076,992
2224,1077,912
2224,1078,890
2224,1079,873
2224,1080,959
2224,1081,867
2224,1082,863
2224,1083,1076
2224,1084,1013
2224,1085,873
2224,1086,899
2224,1087,833
2224,1088,899
2224,1089,962
2224,1090,1033
2224,1091,969
2224,1092,942
2224,1093,1020
2224,1094,986
2224,1095,843
2224,1096,985
2224,1097,885
2224,1098,1008
2224,1099,1023
2224,1100,1022
2225,1001,822
2225,1002,820
2225,1003,908
2225,1004,852
2225,1005,1058
2225,1006,1082
2225,1007,918
2225,1008,1081
2225,1009,1036
2225,1010,949
2225,1011,821
2225,1012,886
2225,1013,1006
2225,1014,1037
2225,1015,807
2225,1016,993
2225,1017,1016
2225,1018,829
2225,1019,862
2225,1020,1006
2225,1021,1041
2225,1022,1040
2225,1023,1055
2225,1024,1072
2225,1025,935
2225,1026,1050
2225,1027,965
2225,1028,876
2225,1029,1021
2225,1030,863
2225,1031,929
2225,1032,998
2225,1033,1015
2225,1034,821
2225,1035,1100
2225,1036,993
2225,1037,1090
2225,1038,1006
2225,1039,970
2225,1040,806
2225,1041,1048
2225,1042,1084
2225,1043,805
2225,1044,1093
2225,1045,983
2225,1046,929
2225,1047,874
2225,1048,909
2225,1049,889
2225,1050,831
2225,1051,1072
2225,1052,886
2225,1053,837
2225,1054,836
2225,1055,1061
2225,1056,884
2225,1057,847
2225,1058,1083
2225,1059,963
2225,1060,931
2225,1061,831
2225,1062,866
2225,1063,823
2225,1064,1095
2225,1065,973
2225,1066,940
2225,1067,1024
2225,1068,977
2225,1069,959
2225,1070,961
2225,1071,1069
2225,1072,1005
2225,1073,1062
2225,1074,904
2225,1075,919
2225,1076,963
2225,1077,815
2225,1078,851
2225,1079,806
2225,1080,1095
2225,1081,804
2225,1082,1054
2225,1083,1084
2225,1084,932
2225,1085,827
2225,1086,858
2225,1087,938
2225,1088,917
2225,1089,841
2225,1090,987
2225,1091,802
2225,1092,1011
2225,1093,1079
2225,1094,998
2225,1095,1056
2225,1096,927
2225,1097,1019
2225,1098,1010
2225,1099,828
2225,1100,859
2226,1001,801
2226,1002,1052
2226,1003,852
2226,1004,1078
2226,1005,948
2226,1006,1095
2226,1007,1027
2226,1008,1098
2226,1009,839
2226,1010,1033
2226,1011,1004
2226,1012,979
2226,1013,817
2226,1014,853
2226,1015,986
2226,1016,846
2226,1017,895
2226,1018,958
2226,1019,879
2226,1020,1052
2226,1021,804
2226,1022,811
2226,1023,843
2226,1024,958
2226,1025,928
2226,1026,1010
2226,1027,978
2226,1028,920
2226,1029,1089
2226,1030,845
2226,1031,820
2226,1032,918
2226,1033,1067
2226,1034,851
2226,1035,1005
2226,1036,936
2226,1037,965
2226,1038,1048
2226,1039,1050
2226,1040,934
2226,1041,826
2226,1042,814
2226,1043,1043
2226,1044,810
2226,1045,1012
2226,1046,1034
2226,1047,956
2226,1048,960
2226,1049,890
2226,1050,892
2226,1051,1071
2226,1052,825
2226,1053,947
2226,1054,977
2226,1055,810
2226,1056,810
2226,1057,853
2226,1058,998
2226,1059,1038
2226,1060,923
2226,1061,903
2226,1062,863
2226,1063,979
2226,1064,1063
2226,1065,857
2226,1066,965
2226,1067,1098
2226,1068,896
2226,1069,979
2226,1070,1090
2226,1071,1032
2226,1072,954
2226,1073,966
2226,1074,909
2226,1075,1062
2226,1076,1059
2226,1077,956
2226,1078,1049
2226,1079,977
2226,1080,931
2226,1081,952
2226,1082,878
2226,1083,922
2226,1084,1033
2226,1085,910
2226,1086,1083
2226,1087,949
2226,1088,1088
2226,1089,801
2226,1090,853
2226,1091,1055
2226,1092,991
2226,1093,814
2226,1094,979
2226,1095,857
2226,1096,917
2226,1097,853
2226,1098,1079
2226,1099,806
2226,1100,1068
2227,1001,946
2227,1002,862
2227,1003,973
2227,1004,1060
2227,1005,828
2227,1006,943
2227,1007,823
2227,1008,985
2227,1009,1041
2227,1010,1094
2227,1011,910
2227,1012,915
2227,1013,1020
2227,1014,1025
2227,1015,1072
2227,1016,882
2227,1017,1037
2227,1018,883
2227,1019,843
2227,1020,1059
2227,1021,848
2227,1022,987
2227,1023,966
2227,1024,1054
2227,1025,924
2227,1026,1082
2227,1027,1044
2227,1028,879
2227,1029,898
2227,1030,1076
2227,1031,899
2227,1032,801
2227,1033,885
2227,1034,1098
2227,1035,1043
2227,1036,822
2227,1037,1100
2227,1038,963
2227,1039,943
2227,1040,892
2227,1041,879
2227,1042,962
2227,1043,958
2227,1044,1011
2227,1045,1010
2227,1046,838
2227,1047,958
2227,1048,952
2227,1049,1025
2227,1050,1045
2227,1051,1020
2227,1052,983
2227,1053,1018
2227,1054,1032
2227,1055,1044
2227,1056,945
2227,1057,880
2227,1058,980
2227,1059,807
2227,1060,855
2227,1061,968
2227,1062,1032
2227,1063,1002
2227,1064,926
2227,1065,908
2227,1066,953
2227,1067,970
2227,1068,1015
2227,1069,891
2227,1070,931
2227,1071,902
2227,1072,850
2227,1073,1095
2227,1074,1083
2227,1075,990
2227,1076,1083
2227,1077,1070
2227,1078,907
2227,1079,982
2227,1080,1097
2227,1081,1058
2227,1082,973
2227,1083,1025
2227,1084,820
2227,1085,880
2227,1086,1018
2227,1087,1001
2227,1088,819
2227,1089,947
2227,1090,1023
2227,1091,922
2227,1092,866
2227,1093,1014
2227,1094,986
2227,1095,1042
2227,1096,947
2227,1097,1040
2227,1098,830
2227,1099,1002
2227,1100,1010
2228,1001,828
2228,1002,885
2228,1003,1032
2228,1004,995
2228,1005,979
2228,1006,927
2228,1007,851
2228,1008,953
2228,1009,1006
2228,1010,1057
2228,1011,824
2228,1012,846
2228,1013,898
2228,1014,914
2228,1015,866
2228,1016,825
2228,1017,1031
2228,1018,824
2228,1019,952
2228,1020,1038
2228,1021,1048
2228,1022,1001
2228,1023,850
2228,1024,831
2228,1025,877
2228,1026,1083
2228,1027,959
2228,1028,836
2228,1029,803
2228,1030,1070
2228,1031,843
2228,1032,1059
2228,1033,807
2228,1034,874
2228,1035,973
2228,1036,1001
2228,1037,1020
2228,1038,1098
2228,1039,1044
2228,1040,980
2228,1041,995
2228,1042,980
2228,1043,858
2228,1044,1074
2228,1045,871
2228,1046,839
2228,1047,1049
2228,1048,1011
2228,1049,1029
2228,1050,902
2228,1051,969
2228,1052,926
2228,1053,1091
2228,1054,919
2228,1055,821
2228,1056,1029
2228,1057,885
2228,1058,894
2228,1059,800
2228,1060,1077
2228,1061,989
2228,1062,1008
2228,1063,1070
2228,1064,1046
2228,1065,836
2228,1066,977
2228,1067,908
2228,1068,831
2228,1069,1015
2228,1070,986
2228,1071,1083
2228,1072,895
2228,1073,854
2228,1074,950
2228,1075,921
2228,1076,932
2228,1077,813
2228,1078,891
2228,1079,864
2228,1080,987
2228,1081,1030
2228,1082,977
2228,1083,998
2228,1084,917
2228,1085,1059
2228,1086,938
2228,1087,969
2228,1088,827
2228,1089,1015
2228,1090,910
2228,1091,884
2228,1092,1001
2228,1093,984
2228,1094,828
2228,1095,1012
2228,1096,809
2228,1097,1043
2228,1098,1086
2228,1099,1071
2228,1100,964
2229,1001,952
2229,1002,1006
2229,1003,925
2229,1004,829
2229,1005,905
2229,1006,1095
2229,1007,971
2229,1008,883
2229,1009,897
2229,1010,1021
2229,1011,975
2229,1012,1075
2229,1013,1081
2229,1014,924
2229,1015,859
2229,1016,855
2229,1017,880
2229,1018,804
2229,1019,851
2229,1020,1095
2229,1021,1034
2229,1022,813
2229,1023,839
2229,1024,1093
2229,1025,999
2229,1026,1074
2229,1027,921
2229,1028,852
2229,1029,857
2229,1030,1072
2229,1031,1033
2229,1032,885
2229,1033,1064
2229,1034,1008
2229,1035,981
2229,1036,910
2229,1037,1097
2229,1038,1060
2229,1039,911
2229,1040,980
2229,1041,1038
2229,1042,985
2229,1043,956
2229,1044,1098
2229,1045,1090
2229,1046,821
2229,1047,915
2229,1048,1092
2229,1049,977
2229,1050,844
2229,1051,848
2229,1052,982
2229,1053,1024
2229,1054,819
2229,1055,822
2229,1056,868
2229,1057,1044
2229,1058,1036
2229,1059,907
2229,1060,1012
2229,1061,981
2229,1062,1023
2229,1063,861
2229,1064,972
2229,1065,1065
2229,1066,863
2229,1067,988
2229,1068,927
2229,1069,811
2229,1070,937
2229,1071,1099
2229,1072,1039
2229,1073,962
2229,1074,1028
2229,1075,825
2229,1076,1049
2229,1077,879
2229,1078,1070
2229,1079,1021
2229,1080,937
2229,1081,1085
2229,1082,935
2229,1083,923
2229,1084,1083
2229,1085,1067
2229,1086,998
2229,1087,1006
2229,1088,1031
2229,1089,904
2229,1090,823
2229,1091,845
2229,1092,1017
2229,1093,915
2229,1094,957
2229,1095,853
2229,1096,832
2229,1097,958
2229,1098,819
2229,1099,1075
2229,1100,984
2230,1001,847
2230,1002,1071
2230,1003,815
2230,1004,884
2230,1005,968
2230,1006,833
2230,1007,843
2230,1008,924
2230,1009,908
2230,1010,1099
2230,1011,1042
2230,1012,804
2230,1013,944
2230,1014,1057
2230,1015,972
2230,1016,964
2230,1017,1013
2230,1018,965
2230,1019,846
2230,1020,903
2230,1021,1070
2230,1022,804
2230,1023,971
2230,1024,812
2230,1025,1074
2230,1026,909
2230,1027,1046
2230,1028,1036
2230,1029,1017
2230,1030,1040
2230,1031,1085
2230,1032,1017
2230,1033,969
2230,1034,1045
2230,1035,1027
2230,1036,963
2230,1037,943
2230,1038,957
2230,1039,1085
2230,1040,942
2230,1041,971
2230,1042,840
2230,1043,856
2230,1044,820
2230,1045,1074
2230,1046,1009
2230,1047,941
2230,1048,979
2230,1049,925
2230,1050,858
2230,1051,825
2230,1052,1031
2230,1053,1054
2230,1054,822
2230,1055,1038
2230,1056,964
2230,1057,1071
2230,1058,1096
2230,1059,1099
2230,1060,1010
2230,1061,942
2230,1062,915
2230,1063,887
2230,1064,988
2230,1065,840
2230,1066,833
2230,1067,908
2230,1068,938
2230,1069,975
2230,1070,1027
2230,1071,1089
2230,1072,934
2230,1073,1066
2230,1074,1082
2230,1075,1023
2230,1076,1006
2230,1077,917
2230,1078,815
2230,1079,1019
2230,1080,845
2230,1081,994
2230,1082,875
2230,1083,963
2230,1084,1063
2230,1085,1084
2230,1086,983
2230,1087,1055
2230,1088,1031
2230,1089,1082
2230,1090,952
2230,1091,853
2230,1092,915
2230,1093,897
2230,1094,842
2230,1095,1059
2230,1096,861
2230,1097,1028
2230,1098,836
2230,1099,1047
2230,1100,1060
2231,1001,818
2231,1002,1023
2231,1003,1088
2231,1004,1004
2231,1005,850
2231,1006,885
2231,1007,826
2231,1008,947
2231,1009,958
2231,1010,891
2231,1011,1007
2231,1012,1007
2231,1013,929
2231,1014,893
2231,1015,906
2231,1016,1007
2231,1017,858
2231,1018,1029
2231,1019,900
2231,1020,1024
2231,1021,875
2231,1022,948
2231,1023,972
2231,1024,891
2231,1025,813
2231,1026,1090
2231,1027,936
2231,1028,945
2231,1029,1079
2231,1030,1085
2231,1031,1019
2231,1032,902
2231,1033,955
2231,1034,829
2231,1035,905
2231,1036,1074
2231,1037,960
2231,1038,1097
2231,1039,903
2231,1040,1023
2231,1041,1021
2231,1042,1090
2231,1043,961
2231,1044,1068
2231,1045,931
2231,1046,1068
2231,1047,1001
2231,1048,1064
2231,1049,1095
2231,1050,973
2231,1051,911
2231,1052,829
2231,1053,1029
2231,1054,870
2231,1055,940
2231,1056,988
2231,1057,974
2231,1058,1031
2231,1059,949
2231,1060,814
2231,1061,978
2231,1062,825
2231,1063,946
2231,1064,889
2231,1065,1013
2231,1066,1069
2231,1067,1029
2231,1068,1095
2231,1069,809
2231,1070,1014
2231,1071,836
2231,1072,1024
2231,1073,1038
2231,1074,1032
2231,1075,1011
2231,1076,998
2231,1077,928
2231,1078,1000
2231,1079,1028
2231,1080,924
2231,1081,935
2231,1082,918
2231,1083,1039
2231,1084,912
2231,1085,911
2231,1086,893
2231,1087,1054
2231,1088,856
2231,1089,870
2231,1090,854
2231,1091,826
2231,1092,1007
2231,1093,876
2231,1094,874
2231,1095,1023
2231,1096,879
2231,1097,973
2231,1098,1000
2231,1099,1063
2231,1100,1037
2232,1001,962
2232,1002,843
2232,1003,1028
2232,1004,933
2232,1005,994
2232,1006,1095
2232,1007,955
2232,1008,920
2232,1009,1095
2232,1010,1079
2232,1011,816
2232,1012,958
2232,1013,841
2232,1014,951
2232,1015,995
2232,1016,990
2232,1017,944
2232,1018,911
2232,1019,881
2232,1020,1029
2232,1021,838
2232,1022,947
2232,1023,879
2232,1024,893
2232,1025,897
2232,1026,949
2232,1027,814
2232,1028,939
2232,1029,943
2232,1030,1000
2232,1031,950
2232,1032,959
2232,1033,1082
2232,1034,923
2232,1035,1043
2232,1036,891
2232,1037,949
2232,1038,1092
2232,1039,830
2232,1040,965
2232,1041,943
2232,1042,904
2232,1043,941
2232,1044,1065
2232,1045,1058
2232,1046,800
2232,1047,1057
2232,1048,892
2232,1049,1039
2232,1050,853
2232,1051,1095
2232,1052,964
2232,1053,1062
2232,1054,1058
2232,1055,953
2232,1056,824
2232,1057,1011
2232,1058,980
2232,1059,1043
2232,1060,984
2232,1061,1010
2232,1062,915
2232,1063,1076
2232,1064,839
2232,1065,957
2232,1066,1021
2232,1067,1035
2232,1068,934
2232,1069,833
2232,1070,814
2232,1071,949
2232,1072,906
2232,1073,895
2232,1074,1080
2232,1075,1082
2232,1076,804
2232,1077,1045
2232,1078,1091
2232,1079,859
2232,1080,880
2232,1081,907
2232,1082,1074
2232,1083,876
2232,1084,1074
2232,1085,956
2232,1086,1031
2232,1087,961
2232,1088,1050
2232,1089,996
2232,1090,986
2232,1091,933
2232,1092,1096
2232,1093,866
2232,1094,895
2232,1095,939
2232,1096,1099
2232,1097,993
2232,1098,915
2232,1099,842
2232,1100,1100
2233,1001,914
2233,1002,962
2233,1003,827
2233,1004,1072
2233,1005,918
2233,1006,881
2233,1007,866
2233,1008,803
2233,1009,800
2233,1010,1046
2233,1011,955
2233,1012,853
2233,1013,1048
2233,1014,1012
2233,1015,811
2233,1016,922
2233,1017,1029
2233,1018,1014
2233,1019,890
2233,1020,1018
2233,1021,1065
2233,1022,1036
2233,1023,1044
2233,1024,1016
2233,1025,1012
2233,1026,1091
2233,1027,906
2233,1028,1087
2233,1029,994
2233,1030,1043
2233,1031,958
2233,1032,1020
2233,1033,845
2233,1034,828
2233,1035,870
2233,1036,921
2233,1037,1044
2233,1038,801
2233,1039,1088
2233,1040,937
2233,1041,1046
2233,1042,1088
2233,1043,852
2233,1044,827
2233,1045,803
2233,1046,933
2233,1047,1039
2233,1048,1098
2233,1049,909
2233,1050,845
2233,1051,884
2233,1052,841
2233,1053,1068
2233,1054,978
2233,1055,1073
2233,1056,914
2233,1057,1029
2233,1058,836
2233,1059,1031
2233,1060,944
2233,1061,804
2233,1062,825
2233,1063,876
2233,1064,1077
2233,1065,884
2233,1066,886
2233,1067,845
2233,1068,1010
2233,1069,1063
2233,1070,973
2233,1071,1091
2233,1072,979
2233,1073,1089
2233,1074,1003
2233,1075,1027
2233,1076,882
2233,1077,1000
2233,1078,1040
2233,1079,989
2233,1080,963
2233,1081,1058
2233,1082,1016
2233,1083,1097
2233,1084,1050
2233,1085,975
2233,1086,848
2233,1087,1031
2233,1088,1031
2233,1089,935
2233,1090,902
2233,1091,858
2233,1092,849
2233,1093,1035
2233,1094,968
2233,1095,816
2233,1096,946
2233,1097,1089
2233,1098,927
2233,1099,826
2233,1100,818
2234,1001,889
2234,1002,856
2234,1003,1040
2234,1004,1039
2234,1005,962
2234,1006,878
2234,1007,811
2234,1008,893
2234,1009,959
2234,1010,959
2234,1011,994
2234,1012,982
2234,1013,946
2234,1014,1000
2234,1015,1022
2234,1016,905
2234,1017,831
2234,1018,1054
2234,1019,996
2234,1020,1094
2234,1021,808
2234,1022,1026
2234,1023,1099
2234,1024,925
2234,1025,860
2234,1026,1038
2234,1027,819
2234,1028,903
2234,1029,886
2234,1030,985
2234,1031,1007
2234,1032,864
2234,1033,1003
2234,1034,815
2234,1035,960
2234,1036,863
2234,1037,940
2234,1038,924
2234,1039,856
2234,1040,931
2234,1041,979
2234,1042,810
2234,1043,971
2234,1044,913
2234,1045,920
2234,1046,966
2234,1047,1005
2234,1048,1001
2234,1049,1084
2234,1050,824
2234,1051,943
2234,1052,1013
2234,1053,1092
2234,1054,810
2234,1055,875
2234,1056,934
2234,1057,994
2234,1058,1014
2234,1059,818
2234,1060,809
2234,1061,822
2234,1062,837
2234,1063,1000
2234,1064,984
2234,1065,868
2234,1066,1059
2234,1067,1052
2234,1068,1018
2234,1069,827
2234,1070,1061
2234,1071,866
2234,1072,842
2234,1073,999
2234,1074,840
2234,1075,981
2234,1076,1090
2234,1077,828
2234,1078,866
2234,1079,819
2234,1080,828
2234,1081,884
2234,1082,951
2234,1083,947
2234,1084,1047
2234,1085,865
2234,1086,1011
2234,1087,1054
2234,1088,943
2234,1089,1037
2234,1090,811
2234,1091,1085
2234,1092,981
2234,1093,1075
2234,1094,1073
2234,1095,1006
2234,1096,1091
2234,1097,1026
2234,1098,957
2234,1099,881
2234,1100,839
2235,1001,818
2235,1002,886
2235,1003,1015
2235,1004,1095
2235,1005,834
2235,1006,832
2235,1007,962
2235,1008,1064
2235,1009,828
2235,1010,1091
2235,1011,1024
2235,1012,932
2235,1013,976
2235,1014,887
2235,1015,856
2235,1016,845
2235,1017,1000
2235,1018,980
2235,1019,1038
2235,1020,857
2235,1021,1095
2235,1022,1084
2235,1023,952
2235,1024,1015
2235,1025,954
2235,1026,943
2235,1027,950
2235,1028,809
2235,1029,1055
2235,1030,845
2235,1031,1047
2235,1032,971
2235,1033,943
2235,1034,920
2235,1035,1030
2235,1036,1014
2235,1037,1087
2235,1038,802
2235,1039,843
2235,1040,1035
2235,1041,1075
2235,1042,805
2235,1043,1096
2235,1044,921
2235,1045,941
2235,1046,1037
2235,1047,953
2235,1048,971
2235,1049,1086
2235,1050,1003
2235,1051,1044
2235,1052,942
2235,1053,1087
2235,1054,1099
2235,1055,913
2235,1056,809
2235,1057,872
2235,1058,1084
2235,1059,911
2235,1060,984
2235,1061,925
2235,1062,882
2235,1063,1018
2235,1064,864
2235,1065,874
2235,1066,913
2235,1067,856
2235,1068,977
2235,1069,830
2235,1070,859
2235,1071,1022
2235,1072,945
2235,1073,873
2235,1074,865
2235,1075,932
2235,1076,868
2235,1077,1036
2235,1078,903
2235,1079,874
2235,1080,887
2235,1081,929
2235,1082,1100
2235,1083,856
2235,1084,910
2235,1085,1009
2235,1086,888
2235,1087,889
2235,1088,1046
2235,1089,1086
2235,1090,909
2235,1091,1004
2235,1092,1061
2235,1093,903
2235,1094,903
2235,1095,952
2235,1096,862
2235,1097,1023
2235,1098,948
2235,1099,1096
2235,1100,1096
2236,1001,1073
2236,1002,837
2236,1003,828
2236,1004,857
2236,1005,913
2236,1006,1092
2236,1007,938
2236,1008,985
2236,1009,1089
2236,1010,929
2236,1011,1019
2236,1012,926
2236,1013,932
2236,1014,802
2236,1015,1047
2236,1016,885
2236,1017,988
2236,1018,1072
2236,1019,977
2236,1020,1053
2236,1021,820
2236,1022,890
2236,1023,1059
2236,1024,1050
2236,1025,952
2236,1026,933
2236,1027,884
2236,1028,1051
2236,1029,996
2236,1030,1096
2236,1031,816
2236,1032,866
2236,1033,1092
2236,1034,919
2236,1035,961
2236,1036,1099
2236,1037,1078
2236,1038,938
2236,1039,977
2236,1040,1062
2236,1041,987
2236,1042,1100
2236,1043,1027
2236,1044,1036
2236,1045,1045
2236,1046,811
2236,1047,975
2236,1048,941
2236,1049,804
2236,1050,963
2236,1051,1074
2236,1052,942
2236,1053,1061
2236,1054,1000
2236,1055,956
2236,1056,854
2236,1057,1095
2236,1058,885
2236,1059,895
2236,1060,1094
2236,1061,840
2236,1062,864
2236,1063,840
2236,1064,996
2236,1065,843
2236,1066,816
2236,1067,887
2236,1068,991
2236,1069,1023
2236,1070,825
2236,1071,902
2236,1072,891
2236,1073,926
2236,1074,821
2236,1075,1028
2236,1076,1097
2236,1077,988
2236,1078,820
2236,1079,1068
2236,1080,1020
2236,1081,989
2236,1082,939
2236,1083,870
2236,1084,816
2236,1085,825
2236,1086,1031
2236,1087,1051
2236,1088,881
2236,1089,958
2236,1090,929
2236,1091,1047
2236,1092,1032
2236,1093,853
2236,1094,813
2236,1095,807
2236,1096,807
2236,1097,1053
2236,1098,836
2236,1099,839
2236,1100,945
2237,1001,839
2237,1002,848
2237,1003,868
2237,1004,1066
2237,1005,843
2237,1006,988
2237,1007,871
2237,1008,1010
2237,1009,858
2237,1010,1024
2237,1011,963
2237,1012,917
2237,1013,998
2237,1014,996
2237,1015,825
2237,1016,965
2237,1017,1009
2237,1018,1003
2237,1019,863
2237,1020,924
2237,1021,889
2237,1022,1034
2237,1023,802
2237,1024,973
2237,1025,875
2237,1026,942
2237,1027,812
2237,1028,813
2237,1029,967
2237,1030,918
2237,1031,865
2237,1032,1038
2237,1033,883
2237,1034,1065
2237,1035,806
2237,1036,846
2237,1037,817
2237,1038,1003
2237,1039,931
2237,1040,871
2237,1041,903
2237,1042,995
2237,1043,1040
2237,1044,953
2237,1045,1058
2237,1046,872
2237,1047,810
2237,1048,915
2237,1049,805
2237,1050,1026
2237,1051,850
2237,1052,924
2237,1053,1047
2237,1054,892
2237,1055,915
2237,1056,836
2237,1057,848
2237,1058,960
2237,1059,1018
2237,1060,871
2237,1061,1000
2237,1062,949
2237,1063,866
2237,1064,859
2237,1065,1082
2237,1066,951
2237,1067,881
2237,1068,910
2237,1069,954
2237,1070,990
2237,1071,881
2237,1072,911
2237,1073,1074
2237,1074,1039
2237,1075,1013
2237,1076,904
2237,1077,1094
2237,1078,847
2237,1079,934
2237,1080,976
2237,1081,1099
2237,1082,952
2237,1083,946
2237,1084,898
2237,1085,867
2237,1086,806
2237,1087,894
2237,1088,1091
2237,1089,861
2237,1090,925
2237,1091,1038
2237,1092,809
2237,1093,938
2237,1094,847
2237,1095,1005
2237,1096,940
2237,1097,920
2237,1098,1042
2237,1099,826
2237,1100,1068
2238,1001,1034
2238,1002,1077
2238,1003,951
2238,1004,913
2238,1005,946
2238,1006,921
2238,1007,1015
2238,1008,825
2238,1009,924
2238,1010,822
2238,1011,936
2238,1012,846
2238,1013,1037
2238,1014,1001
2238,1015,983
2238,1016,952
2238,1017,1013
2238,1018,867
2238,1019,1046
2238,1020,857
2238,1021,958
2238,1022,1062
2238,1023,905
2238,1024,828
2238,1025,925
2238,1026,1034
2238,1027,990
2238,1028,945
2238,1029,996
2238,1030,1036
2238,1031,845
2238,1032,1067
2238,1033,849
2238,1034,1051
2238,1035,851
2238,1036,904
2238,1037,932
2238,1038,1074
2238,1039,939
2238,1040,1034
2238,1041,837
2238,1042,968
2238,1043,858
2238,1044,1003
2238,1045,977
2238,1046,948
2238,1047,881
2238,1048,1065
2238,1049,879
2238,1050,1092
2238,1051,985
2238,1052,890
2238,1053,1032
2238,1054,1051
2238,1055,907
2238,1056,1082
2238,1057,1028
2238,1058,860
2238,1059,937
2238,1060,951
2238,1061,1054
2238,1062,985
2238,1063,1098
2238,1064,854
2238,1065,904
2238,1066,990
2238,1067,878
2238,1068,1029
2238,1069,845
2238,1070,869
2238,1071,1067
2238,1072,978
2238,1073,1034
2238,1074,949
2238,1075,897
2238,1076,861
2238,1077,1002
2238,1078,910
2238,1079,926
2238,1080,941
2238,1081,997
2238,1082,1044
2238,1083,932
2238,1084,931
2238,1085,1085
2238,1086,899
2238,1087,897
2238,1088,1021
2238,1089,866
2238,1090,1029
2238,1091,800
2238,1092,999
2238,1093,1092
2238,1094,1052
2238,1095,949
2238,1096,929
2238,1097,1093
2238,1098,1070
2238,1099,990
2238,1100,884
2239,1001,961
2239,1002,879
2239,1003,971
2239,1004,875
2239,1005,858
2239,1006,1028
2239,1007,1019
2239,1008,914
2239,1009,1021
2239,1010,980
2239,1011,901
2239,1012,851
2239,1013,992
2239,1014,1033
2239,1015,975
2239,1016,1039
2239,1017,969
2239,1018,977
2239,1019,882
2239,1020,933
2239,1021,828
2239,1022,980
2239,1023,1085
2239,1024,1009
2239,1025,1045
2239,1026,1045
2239,1027,1008
2239,1028,959
2239,1029,958
2239,1030,847
2239,1031,862
2239,1032,1045
2239,1033,1038
2239,1034,1004
2239,1035,884
2239,1036,1028
2239,1037,1089
2239,1038,836
2239,1039,959
2239,1040,1039
2239,1041,935
2239,1042,957
2239,1043,813
2239,1044,1036
2239,1045,929
2239,1046,979
2239,1047,1009
2239,1048,898
2239,1049,1100
2239,1050,934
2239,1051,1086
2239,1052,833
2239,1053,956
2239,1054,853
2239,1055,926
2239,1056,1090
2239,1057,842
2239,1058,929
2239,1059,1030
2239,1060,878
2239,1061,919
2239,1062,1017
2239,1063,915
2239,1064,1049
2239,1065,920
2239,1066,1068
2239,1067,1055
2239,1068,911
2239,1069,918
2239,1070,931
2239,1071,896
2239,1072,990
2239,1073,885
2239,1074,1046
2239,1075,1087
2239,1076,891
2239,1077,933
2239,1078,855
2239,1079,1053
2239,1080,999
2239,1081,846
2239,1082,1096
2239,1083,885
2239,1084,949
2239,1085,802
2239,1086,826
2239,1087,1054
2239,1088,1005
2239,1089,840
2239,1090,810
2239,1091,897
2239,1092,858
2239,1093,876
2239,1094,1040
2239,1095,1015
2239,1096,1074
2239,1097,917
2239,1098,910
2239,1099,868
2239,1100,1041
2240,1001,996
2240,1002,815
2240,1003,996
2240,1004,956
2240,1005,970
2240,1006,819
2240,1007,1027
2240,1008,926
2240,1009,875
2240,1010,916
2240,1011,1040
2240,1012,887
2240,1013,893
2240,1014,923
2240,1015,824
2240,1016,1066
2240,1017,871
2240,1018,830
2240,1019,824
2240,1020,926
2240,1021,831
2240,1022,998
2240,1023,1077
2240,1024,1055
2240,1025,990
2240,1026,1055
2240,1027,1055
2240,1028,971
2240,1029,1050
2240,1030,828
2240,1031,1047
2240,1032,1007
2240,1033,857
2240,1034,943
2240,1035,1032
2240,1036,997
2240,1037,1044
2240,1038,978
2240,1039,969
2240,1040,896
2240,1041,1044
2240,1042,1081
2240,1043,986
2240,1044,802
2240,1045,881
2240,1046,860
2240,1047,800
2240,1048,861
2240,1049,826
2240,1050,933
2240,1051,1032
2240,1052,1058
2240,1053,924
2240,1054,935
2240,1055,1052
2240,1056,827
2240,1057,1037
2240,1058,860
2240,1059,1004
2240,1060,891
2240,1061,980
2240,1062,913
2240,1063,828
2240,1064,897
2240,1065,917
2240,1066,890
2240,1067,987
2240,1068,858
2240,1069,884
2240,1070,964
2240,1071,895
2240,1072,1015
2240,1073,1085
2240,1074,1011
2240,1075,925
2240,1076,977
2240,1077,1019
2240,1078,947
2240,1079,1026
2240,1080,903
2240,1081,1078
2240,1082,908
2240,1083,1089
2240,1084,1032
2240,1085,1003
2240,1086,914
2240,1087,823
2240,1088,1036
2240,1089,1037
2240,1090,1066
2240,1091,1042
2240,1092,1073
2240,1093,912
2240,1094,1052
2240,1095,912
2240,1096,980
2240,1097,945
2240,1098,910
2240,1099,820
2240,1100,1056
2241,1001,1042
2241,1002,863
2241,1003,926
2241,1004,831
2241,1005,819
2241,1006,851
2241,1007,926
2241,1008,1021
2241,1009,1077
2241,1010,1010
2241,1011,968
2241,1012,1028
2241,1013,840
2241,1014,1069
2241,1015,1087
2241,1016,886
2241,1017,859
2241,1018,856
2241,1019,1001
2241,1020,1011
2241,1021,1060
2241,1022,1031
2241,1023,852
2241,1024,807
2241,1025,1071
2241,1026,1003
2241,1027,1085
2241,1028,872
2241,1029,1012
2241,1030,855
2241,1031,917
2241,1032,1036
2241,1033,1053
2241,1034,976
2241,1035,991
2241,1036,894
2241,1037,836
2241,1038,851
2241,1039,887
2241,1040,874
2241,1041,943
2241,1042,929
2241,1043,1060
2241,1044,891
2241,1045,1076
2241,1046,1083
2241,1047,935
2241,1048,913
2241,1049,1001
2241,1050,978
2241,1051,847
2241,1052,1002
2241,1053,805
2241,1054,1066
2241,1055,810
2241,1056,1091
2241,1057,948
2241,1058,854
2241,1059,919
2241,1060,877
2241,1061,1018
2241,1062,981
2241,1063,808
2241,1064,1015
2241,1065,1041
2241,1066,864
2241,1067,874
2241,1068,882
2241,1069,1060
2241,1070,1056
2241,1071,997
2241,1072,938
2241,1073,972
2241,1074,982
2241,1075,885
2241,1076,898
2241,1077,895
2241,1078,961
2241,1079,1062
2241,1080,980
2241,1081,836
2241,1082,1019
2241,1083,918
2241,1084,1094
2241,1085,1057
2241,1086,820
2241,1087,830
2241,1088,1034
2241,1089,1033
2241,1090,951
2241,1091,854
2241,1092,1001
2241,1093,886
2241,1094,1019
2241,1095,970
2241,1096,889
2241,1097,986
2241,1098,876
2241,1099,928
2241,1100,813
2242,1001,887
2242,1002,1079
2242,1003,1078
2242,1004,1082
2242,1005,889
2242,1006,1056
2242,1007,1046
2242,1008,804
2242,1009,951
2242,1010,920
2242,1011,806
2242,1012,834
2242,1013,826
2242,1014,1059
2242,1015,963
2242,1016,809
2242,1017,1009
2242,1018,1034
2242,1019,1095
2242,1020,958
2242,1021,1014
2242,1022,997
2242,1023,940
2242,1024,942
2242,1025,837
2242,1026,829
2242,1027,1091
2242,1028,1024
2242,1029,967
2242,1030,1042
2242,1031,1072
2242,1032,831
2242,1033,914
2242,1034,845
2242,1035,897
2242,1036,920
2242,1037,886
2242,1038,843
2242,1039,896
2242,1040,1092
2242,1041,895
2242,1042,1020
2242,1043,1074
2242,1044,1071
2242,1045,822
2242,1046,895
2242,1047,912
2242,1048,874
2242,1049,1076
2242,1050,870
2242,1051,1058
2242,1052,1062
2242,1053,1052
2242,1054,1037
2242,1055,862
2242,1056,1054
2242,1057,839
2242,1058,826
2242,1059,824
2242,1060,1009
2242,1061,883
2242,1062,946
2242,1063,1057
2242,1064,1057
2242,1065,818
2242,1066,810
2242,1067,866
2242,1068,1074
2242,1069,985
2242,1070,1003
2242,1071,855
2242,1072,821
2242,1073,817
2242,1074,878
2242,1075,1068
2242,1076,888
2242,1077,873
2242,1078,1014
2242,1079,1026
2242,1080,865
2242,1081,968
2242,1082,1027
2242,1083,923
2242,1084,1066
2242,1085,1034
2242,1086,1007
2242,1087,944
2242,1088,989
2242,1089,1029
2242,1090,977
2242,1091,907
2242,1092,903
2242,1093,852
2242,1094,876
2242,1095,811
2242,1096,927
2242,1097,932
2242,1098,1059
2242,1099,996
2242,1100,891
2243,1001,1070
2243,1002,807
2243,1003,895
2243,1004,962
2243,1005,951
2243,1006,956
2243,1007,805
2243,1008,1005
2243,1009,906
2243,1010,910
2243,1011,930
2243,1012,834
2243,1013,849
2243,1014,913
2243,1015,1098
2243,1016,828
2243,1017,801
2243,1018,967
2243,1019,823
2243,1020,807
2243,1021,1011
2243,1022,1080
2243,1023,1056
2243,1024,1040
2243,1025,1077
2243,1026,947
2243,1027,861
2243,1028,1004
2243,1029,880
2243,1030,1064
2243,1031,843
2243,1032,1065
2243,1033,1011
2243,1034,954
2243,1035,904
2243,1036,892
2243,1037,865
2243,1038,926
2243,1039,999
2243,1040,968
2243,1041,1086
2243,1042,812
2243,1043,821
2243,1044,897
2243,1045,1064
2243,1046,1009
2243,1047,818
2243,1048,1042
2243,1049,1048
2243,1050,800
2243,1051,897
2243,1052,974
2243,1053,1032
2243,1054,812
2243,1055,940
2243,1056,1017
2243,1057,891
2243,1058,891
2243,1059,1019
2243,1060,957
2243,1061,1004
2243,1062,1044
2243,1063,1027
2243,1064,901
2243,1065,845
2243,1066,1059
2243,1067,822
2243,1068,977
2243,1069,821
2243,1070,803
2243,1071,912
2243,1072,1017
2243,1073,1045
2243,1074,1059
2243,1075,948
2243,1076,913
2243,1077,1041
2243,1078,1097
2243,1079,1056
2243,1080,994
2243,1081,997
2243,1082,898
2243,1083,850
2243,1084,916
2243,1085,826
2243,1086,1061
2243,1087,929
2243,1088,857
2243,1089,880
2243,1090,842
2243,1091,957
2243,1092,917
2243,1093,843
2243,1094,973
2243,1095,914
2243,1096,1085
2243,1097,1047
2243,1098,821
2243,1099,853
2243,1100,1017
2244,1001,810
2244,1002,969
2244,1003,1098
2244,1004,1040
2244,1005,996
2244,1006,959
2244,1007,865
2244,1008,824
2244,1009,978
2244,1010,967
2244,1011,892
2244,1012,919
2244,1013,954
2244,1014,807
2244,1015,957
2244,1016,969
2244,1017,945
2244,1018,815
2244,1019,811
2244,1020,1045
2244,1021,877
2244,1022,973
2244,1023,849
2244,1024,817
2244,1025,1013
2244,1026,880
2244,1027,890
2244,1028,800
2244,1029,1060
2244,1030,970
2244,1031,856
2244,1032,883
2244,1033,862
2244,1034,1045
2244,1035,806
2244,1036,1096
2244,1037,809
2244,1038,1032
2244,1039,871
2244,1040,1081
2244,1041,891
2244,1042,904
2244,1043,873
2244,1044,810
2244,1045,1033
2244,1046,962
2244,1047,1048
2244,1048,1086
2244,1049,846
2244,1050,1052
2244,1051,996
2244,1052,838
2244,1053,1032
2244,1054,922
2244,1055,889
2244,1056,999
2244,1057,940
2244,1058,916
2244,1059,1096
2244,1060,946
2244,1061,917
2244,1062,973
2244,1063,1004
2244,1064,910
2244,1065,835
2244,1066,969
2244,1067,871
2244,1068,813
2244,1069,977
2244,1070,810
2244,1071,803
2244,1072,1032
2244,1073,948
2244,1074,1037
2244,1075,1041
2244,1076,811
2244,1077,857
2244,1078,887
2244,1079,1070
2244,1080,830
2244,1081,976
2244,1082,878
2244,1083,1080
2244,1084,854
2244,1085,857
2244,1086,1094
2244,1087,884
2244,1088,1091
2244,1089,881
2244,1090,898
2244,1091,844
2244,1092,809
2244,1093,828
2244,1094,1033
2244,1095,1019
2244,1096,882
2244,1097,874
2244,1098,927
2244,1099,965
2244,1100,965
2245,1001,937
2245,1002,934
2245,1003,1032
2245,1004,1003
2245,1005,968
2245,1006,1077
2245,1007,828
2245,1008,1092
2245,1009,837
2245,1010,1080
2245,1011,804
2245,1012,941
2245,1013,1011
2245,1014,962
2245,1015,894
2245,1016,932
2245,1017,1048
2245,1018,1023
2245,1019,824
2245,1020,1074
2245,1021,1016
2245,1022,832
2245,1023,813
2245,1024,821
2245,1025,840
2245,1026,849
2245,1027,991
2245,1028,878
2245,1029,1046
2245,1030,1068
2245,1031,836
2245,1032,916
2245,1033,1089
2245,1034,802
2245,1035,803
2245,1036,837
2245,1037,906
2245,1038,1021
2245,1039,846
2245,1040,881
2245,1041,819
2245,1042,1057
2245,1043,870
2245,1044,1072
2245,1045,885
2245,1046,1029
2245,1047,1033
2245,1048,1071
2245,1049,876
2245,1050,831
2245,1051,928
2245,1052,910
2245,1053,914
2245,1054,905
2245,1055,807
2245,1056,892
2245,1057,881
2245,1058,867
2245,1059,1062
2245,1060,1003
2245,1061,1049
2245,1062,989
2245,1063,1020
2245,1064,948
2245,1065,971
2245,1066,811
2245,1067,883
2245,1068,921
2245,1069,807
2245,1070,1037
2245,1071,829
2245,1072,892
2245,1073,916
2245,1074,1091
2245,1075,1097
2245,1076,903
2245,1077,988
2245,1078,1041
2245,1079,1042
2245,1080,935
2245,1081,1062
2245,1082,946
2245,1083,855
2245,1084,855
2245,1085,875
2245,1086,950
2245,1087,899
2245,1088,911
2245,1089,872
2245,1090,886
2245,1091,886
2245,1092,888
2245,1093,905
2245,1094,805
2245,1095,916
2245,1096,1062
2245,1097,822
2245,1098,1068
2245,1099,853
2245,1100,872
2246,1001,832
2246,1002,815
2246,1003,970
2246,1004,1012
2246,1005,902
2246,1006,1008
2246,1007,1075
2246,1008,1038
2246,1009,935
2246,1010,948
2246,1011,993
2246,1012,951
2246,1013,1021
2246,1014,997
2246,1015,806
2246,1016,937
2246,1017,949
2246,1018,901
2246,1019,849
2246,1020,1029
2246,1021,914
2246,1022,855
2246,1023,972
2246,1024,1070
2246,1025,814
2246,1026,1082
2246,1027,857
2246,1028,1044
2246,1029,812
2246,1030,1069
2246,1031,999
2246,1032,1020
2246,1033,1066
2246,1034,807
2246,1035,914
2246,1036,1070
2246,1037,897
2246,1038,871
2246,1039,1082
2246,1040,958
2246,1041,819
2246,1042,808
2246,1043,1034
2246,1044,1059
2246,1045,978
2246,1046,888
2246,1047,889
2246,1048,818
2246,1049,926
2246,1050,1002
2246,1051,1090
2246,1052,815
2246,1053,956
2246,1054,839
2246,1055,1092
2246,1056,840
2246,1057,1093
2246,1058,1048
2246,1059,935
2246,1060,924
2246,1061,949
2246,1062,963
2246,1063,961
2246,1064,944
2246,1065,1096
2246,1066,826
2246,1067,949
2246,1068,1082
2246,1069,914
2246,1070,832
2246,1071,979
2246,1072,973
2246,1073,1034
2246,1074,997
2246,1075,1006
2246,1076,1055
2246,1077,871
2246,1078,1050
2246,1079,860
2246,1080,929
2246,1081,1004
2246,1082,908
2246,1083,1094
2246,1084,885
2246,1085,830
2246,1086,1058
2246,1087,867
2246,1088,977
2246,1089,984
2246,1090,1089
2246,1091,815
2246,1092,895
2246,1093,1064
2246,1094,1090
2246,1095,868
2246,1096,800
2246,1097,865
2246,1098,835
2246,1099,845
2246,1100,965
2247,1001,1084
2247,1002,1058
2247,1003,993
2247,1004,929
2247,1005,969
2247,1006,973
2247,1007,1044
2247,1008,1003
2247,1009,814
2247,1010,955
2247,1011,850
2247,1012,974
2247,1013,1030
2247,1014,951
2247,1015,816
2247,1016,1009
2247,1017,968
2247,1018,803
2247,1019,1036
2247,1020,842
2247,1021,843
2247,1022,802
2247,1023,817
2247,1024,1011
2247,1025,866
2247,1026,984
2247,1027,1047
2247,1028,914
2247,1029,1007
2247,1030,897
2247,1031,896
2247,1032,935
2247,1033,1060
2247,1034,839
2247,1035,1057
2247,1036,1099
2247,1037,1087
2247,1038,837
2247,1039,1043
2247,1040,818
2247,1041,1047
2247,1042,1024
2247,1043,947
2247,1044,915
2247,1045,1020
2247,1046,1086
2247,1047,1011
2247,1048,987
2247,1049,1090
2247,1050,1034
2247,1051,887
2247,1052,962
2247,1053,801
2247,1054,1048
2247,1055,978
2247,1056,964
2247,1057,980
2247,1058,864
2247,1059,895
2247,1060,850
2247,1061,840
2247,1062,914
2247,1063,909
2247,1064,1070
2247,1065,993
2247,1066,1068
2247,1067,841
2247,1068,1049
2247,1069,868
2247,1070,853
2247,1071,812
2247,1072,830
2247,1073,1050
2247,1074,988
2247,1075,876
2247,1076,835
2247,1077,846
2247,1078,809
2247,1079,913
2247,1080,1010
2247,1081,1065
2247,1082,1035
2247,1083,873
2247,1084,877
2247,1085,998
2247,1086,946
2247,1087,1083
2247,1088,831
2247,1089,1046
2247,1090,1094
2247,1091,844
2247,1092,965
2247,1093,959
2247,1094,1027
2247,1095,1094
2247,1096,954
2247,1097,1085
2247,1098,1086
2247,1099,1054
2247,1100,977
2248,1001,1040
2248,1002,1051
2248,1003,893
2248,1004,922
2248,1005,848
2248,1006,1047
2248,1007,933
2248,1008,866
2248,1009,910
2248,1010,957
2248,1011,815
2248,1012,888
2248,1013,956
2248,1014,866
2248,1015,1098
2248,1016,973
2248,1017,991
2248,1018,976
2248,1019,1076
2248,1020,1001
2248,1021,910
2248,1022,808
2248,1023,1091
2248,1024,1020
2248,1025,1082
2248,1026,904
2248,1027,908
2248,1028,899
2248,1029,911
2248,1030,1020
2248,1031,910
2248,1032,1031
2248,1033,1065
2248,1034,900
2248,1035,1054
2248,1036,936
2248,1037,873
2248,1038,983
2248,1039,912
2248,1040,898
2248,1041,1081
2248,1042,1067
2248,1043,802
2248,1044,854
2248,1045,829
2248,1046,874
2248,1047,1079
2248,1048,1079
2248,1049,1048
2248,1050,1039
2248,1051,945
2248,1052,971
2248,1053,978
2248,1054,839
2248,1055,997
2248,1056,979
2248,1057,982
2248,1058,892
2248,1059,992
2248,1060,830
2248,1061,925
2248,1062,886
2248,1063,1088
2248,1064,991
2248,1065,926
2248,1066,863
2248,1067,965
2248,1068,866
2248,1069,1013
2248,1070,864
2248,1071,892
2248,1072,966
2248,1073,910
2248,1074,1029
2248,1075,1066
2248,1076,948
2248,1077,944
2248,1078,984
2248,1079,1084
2248,1080,946
2248,1081,800
2248,1082,990
2248,1083,979
2248,1084,920
2248,1085,849
2248,1086,985
2248,1087,976
2248,1088,986
2248,1089,891
2248,1090,853
2248,1091,964
2248,1092,1064
2248,1093,1034
2248,1094,962
2248,1095,1050
2248,1096,942
2248,1097,866
2248,1098,1019
2248,1099,945
2248,1100,817
2249,1001,928
2249,1002,914
2249,1003,911
2249,1004,804
2249,1005,831
2249,1006,1003
2249,1007,1100
2249,1008,1067
2249,1009,818
2249,1010,967
2249,1011,844
2249,1012,800
2249,1013,984
2249,1014,956
2249,1015,906
2249,1016,962
2249,1017,1023
2249,1018,979
2249,1019,848
2249,1020,803
2249,1021,1081
2249,1022,870
2249,1023,906
2249,1024,1038
2249,1025,1050
2249,1026,1046
2249,1027,944
2249,1028,809
2249,1029,915
2249,1030,966
2249,1031,981
2249,1032,1042
2249,1033,1053
2249,1034,861
2249,1035,1004
2249,1036,984
2249,1037,1019
2249,1038,813
2249,1039,1059
2249,1040,1100
2249,1041,1066
2249,1042,1082
2249,1043,1046
2249,1044,1071
2249,1045,1049
2249,1046,823
2249,1047,897
2249,1048,1067
2249,1049,1082
2249,1050,923
2249,1051,972
2249,1052,835
2249,1053,918
2249,1054,825
2249,1055,810
2249,1056,840
2249,1057,916
2249,1058,985
2249,1059,878
2249,1060,875
2249,1061,1090
2249,1062,994
2249,1063,1027
2249,1064,850
2249,1065,959
2249,1066,857
2249,1067,1027
2249,1068,818
2249,1069,937
2249,1070,916
2249,1071,805
2249,1072,830
2249,1073,809
2249,1074,987
2249,1075,981
2249,1076,989
2249,1077,1043
2249,1078,1002
2249,1079,856
2249,1080,1059
2249,1081,951
2249,1082,899
2249,1083,1050
2249,1084,824
2249,1085,991
2249,1086,961
2249,1087,1012
2249,1088,1000
2249,1089,1012
2249,1090,977
2249,1091,871
2249,1092,866
2249,1093,1061
2249,1094,939
2249,1095,1073
2249,1096,900
2249,1097,808
2249,1098,981
2249,1099,847
2249,1100,847
2250,1001,1050
2250,1002,1050
2250,1003,823
2250,1004,821
2250,1005,874
2250,1006,840
2250,1007,1098
2250,1008,868
2250,1009,876
2250,1010,858
2250,1011,975
2250,1012,993
2250,1013,1030
2250,1014,948
2250,1015,805
2250,1016,1024
2250,1017,815
2250,1018,1012
2250,1019,889
2250,1020,848
2250,1021,1021
2250,1022,1051
2250,1023,876
2250,1024,920
2250,1025,807
2250,1026,905
2250,1027,998
2250,1028,1058
2250,1029,1064
2250,1030,806
2250,1031,915
2250,1032,897
2250,1033,1021
2250,1034,1045
2250,1035,807
2250,1036,963
2250,1037,1048
2250,1038,957
2250,1039,805
2250,1040,856
2250,1041,852
2250,1042,835
2250,1043,870
2250,1044,1003
2250,1045,897
2250,1046,838
2250,1047,1048
2250,1048,1042
2250,1049,816
2250,1050,908
2250,1051,944
2250,1052,870
2250,1053,993
2250,1054,920
2250,1055,880
2250,1056,824
2250,1057,1041
2250,1058,869
2250,1059,1083
2250,1060,1030
2250,1061,1092
2250,1062,851
2250,1063,802
2250,1064,912
2250,1065,975
2250,1066,827
2250,1067,1027
2250,1068,909
2250,1069,1019
2250,1070,954
2250,1071,866
2250,1072,961
2250,1073,1086
2250,1074,1037
2250,1075,889
2250,1076,926
2250,1077,1100
2250,1078,1094
2250,1079,896
2250,1080,860
2250,1081,1081
2250,1082,962
2250,1083,1052
2250,1084,915
2250,1085,962
2250,1086,811
2250,1087,1083
2250,1088,832
2250,1089,997
2250,1090,953
2250,1091,814
2250,1092,1083
2250,1093,830
2250,1094,800
2250,1095,827
2250,1096,964
2250,1097,1043
2250,1098,1085
2250,1099,1071
2250,1100,883
2251,1001,1094
2251,1002,1070
2251,1003,1050
2251,1004,852
2251,1005,981
2251,1006,1091
2251,1007,1100
2251,1008,901
2251,1009,802
2251,1010,809
2251,1011,1088
2251,1012,1036
2251,1013,1087
2251,1014,921
2251,1015,892
2251,1016,896
2251,1017,951
2251,1018,869
2251,1019,939
2251,1020,1053
2251,1021,813
2251,1022,877
2251,1023,1055
2251,1024,1024
2251,1025,1035
2251,1026,803
2251,1027,1044
2251,1028,1036
2251,1029,975
2251,1030,1008
2251,1031,1061
2251,1032,1053
2251,1033,882
2251,1034,848
2251,1035,882
2251,1036,942
2251,1037,896
2251,1038,990
2251,1039,945
2251,1040,844
2251,1041,928
2251,1042,932
2251,1043,1061
2251,1044,867
2251,1045,1007
2251,1046,902
2251,1047,1052
2251,1048,952
2251,1049,1051
2251,1050,932
2251,1051,993
2251,1052,912
2251,1053,980
2251,1054,982
2251,1055,886
2251,1056,1063
2251,1057,894
2251,1058,1046
2251,1059,909
2251,1060,879
2251,1061,1039
2251,1062,915
2251,1063,841
2251,1064,989
2251,1065,1066
2251,1066,913
2251,1067,1048
2251,1068,833
2251,1069,881
2251,1070,800
2251,1071,1078
2251,1072,896
2251,1073,1062
2251,1074,1022
2251,1075,906
2251,1076,844
2251,1077,992
2251,1078,897
2251,1079,898
2251,1080,1096
2251,1081,967
2251,1082,990
2251,1083,870
2251,1084,1097
2251,1085,958
2251,1086,934
2251,1087,836
2251,1088,951
2251,1089,834
2251,1090,1097
2251,1091,834
2251,1092,849
2251,1093,882
2251,1094,1044
2251,1095,1046
2251,1096,999
2251,1097,1034
2251,1098,902
2251,1099,983
2251,1100,849
2252,1001,984
2252,1002,1057
2252,1003,1074
2252,1004,1048
2252,1005,933
2252,1006,888
2252,1007,1005
2252,1008,963
2252,1009,824
2252,1010,957
2252,1011,1042
2252,1012,926
2252,1013,849
2252,1014,811
2252,1015,958
2252,1016,1069
2252,1017,879
2252,1018,898
2252,1019,1072
2252,1020,994
2252,1021,880
2252,1022,833
2252,1023,1096
2252,1024,1012
2252,1025,875
2252,1026,1021
2252,1027,937
2252,1028,824
2252,1029,1096
2252,1030,1089
2252,1031,1037
2252,1032,936
2252,1033,1041
2252,1034,816
2252,1035,809
2252,1036,836
2252,1037,1074
2252,1038,800
2252,1039,829
2252,1040,930
2252,1041,842
2252,1042,844
2252,1043,1053
2252,1044,927
2252,1045,993
2252,1046,845
2252,1047,850
2252,1048,851
2252,1049,923
2252,1050,989
2252,1051,873
2252,1052,1035
2252,1053,903
2252,1054,835
2252,1055,831
2252,1056,928
2252,1057,830
2252,1058,906
2252,1059,823
2252,1060,830
2252,1061,873
2252,1062,1070
2252,1063,805
2252,1064,838
2252,1065,832
2252,1066,906
2252,1067,1029
2252,1068,925
2252,1069,853
2252,1070,870
2252,1071,825
2252,1072,1027
2252,1073,853
2252,1074,971
2252,1075,873
2252,1076,830
2252,1077,1011
2252,1078,804
2252,1079,876
2252,1080,1099
2252,1081,1059
2252,1082,1096
2252,1083,878
2252,1084,1015
2252,1085,946
2252,1086,1063
2252,1087,1010
2252,1088,1012
2252,1089,890
2252,1090,812
2252,1091,949
2252,1092,854
2252,1093,1065
2252,1094,934
2252,1095,852
2252,1096,952
2252,1097,925
2252,1098,930
2252,1099,971
2252,1100,847
2301,1001,1083
2301,1002,812
2301,1003,1071
2301,1004,957
2301,1005,905
2301,1006,1000
2301,1007,1091
2301,1008,1061
2301,1009,894
2301,1010,1015
2301,1011,1001
2301,1012,830
2301,1013,874
2301,1014,1084
2301,1015,906
2301,1016,1015
2301,1017,1013
2301,1018,1097
2301,1019,874
2301,1020,964
2301,1021,1001
2301,1022,899
2301,1023,1059
2301,1024,937
2301,1025,1082
2301,1026,1004
2301,1027,886
2301,1028,852
2301,1029,877
2301,1030,861
2301,1031,885
2301,1032,1034
2301,1033,1002
2301,1034,983
2301,1035,902
2301,1036,871
2301,1037,947
2301,1038,931
2301,1039,892
2301,1040,955
2301,1041,928
2301,1042,846
2301,1043,996
2301,1044,952
2301,1045,972
2301,1046,1073
2301,1047,855
2301,1048,1066
2301,1049,939
2301,1050,1068
2301,1051,1059
2301,1052,981
2301,1053,1045
2301,1054,846
2301,1055,937
2301,1056,933
2301,1057,961
2301,1058,1049
2301,1059,1030
2301,1060,895
2301,1061,827
2301,1062,899
2301,1063,1008
2301,1064,1009
2301,1065,1031
2301,1066,1085
2301,1067,1026
2301,1068,957
2301,1069,855
2301,1070,1057
2301,1071,892
2301,1072,952
2301,1073,802
2301,1074,816
2301,1075,993
2301,1076,940
2301,1077,841
2301,1078,883
2301,1079,1070
2301,1080,1030
2301,1081,940
2301,1082,848
2301,1083,1087
2301,1084,938
2301,1085,1069
2301,1086,889
2301,1087,1029
2301,1088,1084
2301,1089,961
2301,1090,1078
2301,1091,1055
2301,1092,894
2301,1093,1056
2301,1094,816
2301,1095,932
2301,1096,966
2301,1097,809
2301,1098,1056
2301,1099,896
2301,1100,816
2302,1001,840
2302,1002,1092
2302,1003,935
2302,1004,964
2302,1005,882
2302,1006,869
2302,1007,907
2302,1008,1010
2302,1009,1010
2302,1010,1063
2302,1011,992
2302,1012,869
2302,1013,1031
2302,1014,830
2302,1015,831
2302,1016,846
2302,1017,966
2302,1018,850
2302,1019,1025
2302,1020,880
2302,1021,918
2302,1022,1009
2302,1023,894
2302,1024,975
2302,1025,1016
2302,1026,863
2302,1027,830
2302,1028,1019
2302,1029,900
2302,1030,827
2302,1031,973
2302,1032,1007
2302,1033,1024
2302,1034,881
2302,1035,974
2302,1036,914
2302,1037,860
2302,1038,829
2302,1039,837
2302,1040,1052
2302,1041,1064
2302,1042,989
2302,1043,883
2302,1044,979
2302,1045,818
2302,1046,971
2302,1047,870
2302,1048,1092
2302,1049,851
2302,1050,1022
2302,1051,928
2302,1052,987
2302,1053,889
2302,1054,1005
2302,1055,932
2302,1056,1000
2302,1057,850
2302,1058,964
2302,1059,973
2302,1060,822
2302,1061,973
2302,1062,1062
2302,1063,849
2302,1064,1064
2302,1065,1096
2302,1066,888
2302,1067,825
2302,1068,1061
2302,1069,887
2302,1070,930
2302,1071,942
2302,1072,850
2302,1073,1048
2302,1074,945
2302,1075,918
2302,1076,1099
2302,1077,874
2302,1078,812
2302,1079,1095
2302,1080,933
2302,1081,896
2302,1082,1045
2302,1083,998
2302,1084,1051
2302,1085,966
2302,1086,995
2302,1087,862
2302,1088,970
2302,1089,876
2302,1090,872
2302,1091,1008
2302,1092,1074
2302,1093,1064
2302,1094,957
2302,1095,1065
2302,1096,896
2302,1097,941
2302,1098,939
2302,1099,893
2302,1100,885
2303,1001,967
2303,1002,917
2303,1003,1087
2303,1004,971
2303,1005,837
2303,1006,967
2303,1007,958
2303,1008,801
2303,1009,879
2303,1010,1083
2303,1011,905
2303,1012,998
2303,1013,953
2303,1014,945
2303,1015,861
2303,1016,881
2303,1017,862
2303,1018,862
2303,1019,1030
2303,1020,907
2303,1021,840
2303,1022,1014
2303,1023,821
2303,1024,884
2303,1025,802
2303,1026,939
2303,1027,1079
2303,1028,1061
2303,1029,1050
2303,1030,867
2303,1031,873
2303,1032,1065
2303,1033,1038
2303,1034,1028
2303,1035,869
2303,1036,1026
2303,1037,1089
2303,1038,975
2303,1039,996
2303,1040,952
2303,1041,844
2303,1042,868
2303,1043,987
2303,1044,1032
2303,1045,839
2303,1046,1062
2303,1047,803
2303,1048,805
2303,1049,1079
2303,1050,1012
2303,1051,838
2303,1052,1100
2303,1053,1064
2303,1054,1000
2303,1055,871
2303,1056,932
2303,1057,828
2303,1058,916
2303,1059,931
2303,1060,1002
2303,1061,887
2303,1062,913
2303,1063,935
2303,1064,1008
2303,1065,823
2303,1066,945
2303,1067,925
2303,1068,1012
2303,1069,962
2303,1070,968
2303,1071,1083
2303,1072,1046
2303,1073,905
2303,1074,859
2303,1075,944
2303,1076,1036
2303,1077,1013
2303,1078,832
2303,1079,1038
2303,1080,898
2303,1081,841
2303,1082,912
2303,1083,842
2303,1084,932
2303,1085,944
2303,1086,915
2303,1087,1099
2303,1088,984
2303,1089,966
2303,1090,1016
2303,1091,872
2303,1092,979
2303,1093,960
2303,1094,1007
2303,1095,869
2303,1096,981
2303,1097,958
2303,1098,928
2303,1099,994
2303,1100,930
2304,1001,1018
2304,1002,1004
2304,1003,1019
2304,1004,819
2304,1005,889
2304,1006,973
2304,1007,924
2304,1008,975
2304,1009,907
2304,1010,970
2304,1011,1043
2304,1012,887
2304,1013,916
2304,1014,1011
2304,1015,1008
2304,1016,1092
2304,1017,846
2304,1018,876
2304,1019,807
2304,1020,1095
2304,1021,885
2304,1022,895
2304,1023,1070
2304,1024,1059
2304,1025,1037
2304,1026,1028
2304,1027,819
2304,1028,993
2304,1029,887
2304,1030,909
2304,1031,1075
2304,1032,1070
2304,1033,1092
2304,1034,947
2304,1035,1029
2304,1036,1040
2304,1037,869
2304,1038,1053
2304,1039,909
2304,1040,860
2304,1041,952
2304,1042,902
2304,1043,1076
2304,1044,1033
2304,1045,800
2304,1046,824
2304,1047,848
2304,1048,1038
2304,1049,1066
2304,1050,979
2304,1051,1029
2304,1052,1081
2304,1053,837
2304,1054,927
2304,1055,1088
2304,1056,1086
2304,1057,856
2304,1058,833
2304,1059,883
2304,1060,971
2304,1061,1045
2304,1062,883
2304,1063,850
2304,1064,876
2304,1065,941
2304,1066,898
2304,1067,1009
2304,1068,1062
2304,1069,873
2304,1070,1041
2304,1071,986
2304,1072,907
2304,1073,1067
2304,1074,1095
2304,1075,1069
2304,1076,986
2304,1077,1080
2304,1078,1010
2304,1079,839
2304,1080,1061
2304,1081,855
2304,1082,1001
2304,1083,953
2304,1084,969
2304,1085,955
2304,1086,1059
2304,1087,947
2304,1088,1031
2304,1089,906
2304,1090,969
2304,1091,1091
2304,1092,998
2304,1093,908
2304,1094,1052
2304,1095,986
2304,1096,889
2304,1097,973
2304,1098,1089
2304,1099,1045
2304,1100,967
